Genuine_Score,Impostor_Score
-6.824736725458681,31.861348995865324
-0.3470960034095154,12.873467984063874
15.392567324348656,-25.707051805274016
39.6922019633337,21.391447509950783
32.98301615883234,-21.27353162054711
-24.880997328071306,0.8992265885311242
45.304299719947714,-3.552996613565073
1.5036428626916407,16.87455872606319
13.841178754099218,-11.525510071786893
4.183557461652928,-20.46818646010604
-47.3027592242465,10.223484278006634
17.698770320405615,26.69261539494909
39.729360674096284,21.80954909088734
3.18323648337689,-21.831427516410923
13.407974260670473,-52.67312991861453
50.3925425417069,-11.969285884553415
59.84780325952858,62.48779553086002
-4.808297290389467,21.555479278967482
25.001564997383465,12.52226490336004
10.482821309239624,33.59390676599018
12.996869312779316,13.996946718418693
-15.843716761947377,-3.612481619965955
8.70143255388818,9.895995361731735
16.06725758793513,-32.93007767991909
17.778246431027643,-17.492385283251302
2.9656524392210044,-0.051356252789127
48.218493457847416,-14.071121317492612
18.3375023336497,10.61430229800492
9.723652200840219,1.6228129755111045
48.46091496397317,14.055467131069323
48.24476057796901,-10.059449554430785
22.480876867011645,-4.05008868819189
34.99908088815181,14.01249868512562
21.48159223583486,-15.526551435079828
-15.668558572723452,-30.423463906012305
-19.50408812284118,34.95288179263888
25.223349020567333,-6.4264866426435105
15.734207997965763,-8.010513335492986
25.136676813976337,2.6617471840793225
7.55104467106807,-1.1940815659485438
72.22465575275717,23.706665938072327
86.06038783418745,-15.095428769195312
38.833469732941715,-33.27525979972583
49.90201805135623,-18.769689349856716
32.05200815053062,12.262009634880709
30.150182601151926,18.598991756645688
5.780624481637281,9.224252437459525
11.378263137061111,-6.877416693231307
-15.976579576948614,-0.4886144892484166
84.71248767835706,25.765419156473712
-4.740111386556069,-12.919198352815501
24.252230884853812,-1.712565616354555
9.550390029936977,16.82251600158771
21.503918244602723,-3.325775823434246
70.54695314486774,-10.157841475284565
8.273633945657648,-21.07277054023648
-12.02758786093438,16.46622835025979
22.990706344701064,0.15253874402131148
23.0047820721093,-17.11598525631259
-15.416547374173055,36.98695801954798
46.29189187309051,3.9488060125555533
17.120402073937846,4.308996346495815
22.467267206634354,27.885093739094874
31.67990498998717,-31.823350334942546
42.858321810470414,-10.462671257798876
13.80674234271929,-5.462814051422763
33.93297212913398,-20.131380797802986
-8.574090265276254,-4.210891348031078
-4.85248118533951,14.530976890716055
38.402006669267145,5.003773993433599
18.34521554514584,2.9883687188752277
21.666942226096335,-7.855014271921303
-5.08963313661602,-5.379681219522894
2.6718414874970597,27.894959578171513
41.10864222804794,2.219173242689202
6.394755169872378,3.3829798671816715
-11.74243804364682,18.425890004804405
12.138205919119331,8.623301971357353
24.22299996714431,-4.391079944108145
27.6876280035013,-17.036036856044365
21.708365782742973,-21.899245095543115
22.640298939865446,-27.6301437807619
16.308697051176292,-23.53616286367801
-4.51897503490437,30.055104510916234
31.88484061722708,-39.47573063247587
10.699617136075586,45.286208806373224
61.08288189071689,12.035141221490314
12.07159003727801,-7.7931556189723565
35.68290137135509,15.032093722228066
13.687760123729289,6.622205780726529
48.76665863973966,47.03372794080457
10.69067183515218,-20.390193930992986
59.56207893822162,-10.180070288901012
5.808886190112414,-1.1613508339624696
-18.597130103302458,18.801657375583517
6.2216256543201975,31.179089438320347
83.83663454686643,28.62562847149385
14.67811210446184,1.8764698144337544
-1.5536466643246616,7.0135802796512605
15.154481314801961,1.2422794399749035
41.13129402689272,11.71218297187202
10.927738603618096,-13.134359209673148
-7.69125844213032,-13.635783732946019
60.834905047142904,-27.98646749401941
7.60679700074878,25.799774737196344
69.44888930643413,23.936962514849196
26.258628584907218,-5.795767688217768
22.59709809255944,24.20804432958258
-10.721098669073557,-1.2208077299544333
73.15493731060549,18.711659576354023
-18.47614539126283,7.338123699885646
23.601740214535265,4.55817438344662
13.728963062443711,-4.865257061129138
-40.65965615903738,-36.91587614099918
14.898372474956693,28.792860489001676
-14.724764229462217,-4.935910552998892
-2.5736673245942763,12.805888146876114
-10.978182272906249,3.3152482314984866
39.50797136332558,51.11823538112863
-17.61192044586264,2.1485278766296725
-9.648606098361997,-12.492754656349511
33.84561778988865,24.44256384678563
6.274119861838715,17.973043319425994
50.045617984068535,50.11546926725027
112.92849636696964,-36.42280800701689
40.29267219565188,-8.717649883137467
13.152205108744871,4.892109162145281
5.2494372965693925,3.027355098771746
-14.117346733779756,-19.96797630474875
12.909054965994452,-10.636600220225974
-24.37524125832553,22.935568099805213
8.32900448152636,9.012375901524493
5.3902658196978175,-17.49192528174088
34.63059795403524,-7.630724124909882
35.57857404110346,19.133716726032848
-6.629650862515274,-14.046903333718022
-9.424372520601311,-30.13490643949901
47.940289235201746,19.70786275586512
24.192829416175215,28.791007478787616
-30.6470045194109,-12.672249630283961
42.929586992483706,7.971947534445493
63.842787158244946,-9.855417003245714
52.44717514483944,-19.96741932230862
-1.4881903369599316,17.674431417289167
25.486473971989884,-22.14645001669096
46.14892522872895,-24.042654264597953
-18.188305746114267,-27.942112063123364
-13.197091320114867,-18.939874837615626
82.75230924558434,-27.957433785811475
50.50164885258962,-2.768812036949404
41.02489506942419,34.59551118265364
40.28765264640682,-3.2773162467887627
41.98118093592065,-6.169595972417925
-7.517016538161096,-41.92834615494369
30.671303911688803,16.69738006484007
29.225568007946745,-4.407098891712199
9.021443193227695,1.3045476979163098
90.97006107134071,0.30169752392772115
24.105913712860463,-16.473774860197032
15.522791510154518,-2.7554346478554095
1.0873888349592882,-29.314552411246833
-49.00009267330897,19.929047421769532
17.177007650760167,-4.559795662366381
19.143565481179607,0.4001922011167607
-9.249345339377886,10.61482459778233
29.202478403108103,-6.61887470436388
49.35144055157862,1.9525830537073812
58.28323356683459,-27.429216618040673
25.81335436412374,-0.6850852775042328
-1.0379364783523244,-23.308738509247725
26.83597667362694,19.804361082798053
40.85407121012604,29.664988909858067
28.378933304204217,22.14341400008196
18.002281993195577,30.034813236828473
-6.0423449193618355,-46.18269606482314
23.847031669527546,-21.40603750562329
53.160386137621416,-4.571891765995632
14.95104451429146,3.1792328053357894
-22.129022978857932,-6.917311026870518
-4.950191993295065,13.0848074227052
-9.826096787491242,10.753023687643305
16.696434825149883,-34.01368420821938
42.976599397810446,-0.6544534201589558
1.3249972366631178,-15.56845345286608
-22.49384100950635,5.767413304779199
-0.9861130938512099,7.326546820463943
42.20895193227646,-20.202271620386234
-0.4031236536704548,-19.983132906306228
-22.823935348204355,10.065090994473897
13.643465086996436,22.27192775645627
15.341128756265029,6.76955964067495
22.52670353753882,9.823062220149671
23.48635435360963,-25.544593700277225
36.80863393969515,-2.2829368740673543
34.86172787827037,10.426163530052106
45.41233458573552,12.592663463746227
-1.739903943290112,-6.25334152024196
9.184686928290596,-11.824100061591366
-3.358264905597943,4.7175326079129265
23.853802034691313,4.840883477368373
12.626052885643018,21.49366243115572
-27.84428043409964,-20.826659441153982
54.07401613061852,-28.017370498128116
48.14901470692655,33.837475927674205
66.09457776093856,53.82002833397882
51.200732463556974,-31.24396346212181
29.425056551779097,-35.40400769027722
-9.628118128546955,-3.5931923170023405
43.397069674029964,-6.543459725628448
55.78819519618103,38.800076597233755
38.29582884323813,-21.916856141420055
89.28848132871983,-21.778229798601494
6.090281070838688,4.0840364416211745
-29.79497239783336,3.602004627808567
-0.013718219267680153,0.18084963865984183
3.9475271536336116,12.381158730650197
38.383620056635785,47.71668945004985
37.908579063746124,-8.086706999497302
-5.515256393474725,-8.39650528036515
-7.297347105135518,-9.137827434819313
64.24681256588363,11.98097247684038
32.45468826253045,9.044161786965812
18.734784469018212,14.307155361959909
12.266443590659067,0.5784949156306496
35.45282739769784,-7.662346346992222
33.51526580842083,-6.158209796134008
14.314284093956495,-11.928868376789698
-21.2118473806299,34.31338503702981
30.5324794627244,23.327869695876213
-7.221100337189712,3.3950629882379353
2.758097723746613,12.563706982708874
-0.20106323133111015,-17.5502576629533
3.632057182870516,2.0923991217558133
-14.034528618773846,13.177327841609754
-6.483388561289656,8.350915221153947
-24.815090352420263,5.302147664500947
42.79083327902686,6.735290997564547
90.00419937865553,-4.639825366302895
46.13213483640458,7.966253714574773
43.362990380988315,-5.628413347254945
60.64027583249783,-7.3034277052722265
38.83232520488566,5.230105356450246
48.255038825118724,3.7589674335816827
5.154097182415508,3.4849345552717796
22.707907087409126,36.895093953799034
18.114402174540956,26.199798757070845
5.586826921839378,16.32398833340438
16.89196923276965,24.950232073149127
-22.67356079516445,44.4753069549041
-15.112315276416789,19.98152307631883
5.506644853139639,1.2754355718409582
25.04661541007697,-3.741845721697735
28.729186436879115,7.272641610770417
26.81757068267858,3.202032490042802
31.654729926111273,14.119949841945548
-31.824161465363378,10.81980406409207
8.348378689650591,5.088712917880866
1.0437425290219315,-7.603643994662627
0.06458701190856764,11.887500992843266
27.633771510321065,-22.051606842614525
94.96265737507198,4.8610048579035805
4.399073126969527,-5.968553821861827
16.36397636779741,14.216242958275176
42.3452647270879,-15.27396295137235
36.404863293312495,-7.449316811998181
14.51073665277534,-21.38230581074098
41.16508453162236,-9.611738909535278
16.409101063045544,-7.2209755240361915
9.113317360357179,25.731737882484023
32.87758656262096,-0.14143240615337355
28.699743178176774,-15.05865531828001
-18.839628175518524,-6.215760256741297
3.4968414077193417,8.560713972246283
-15.643639093363676,-4.785153672729174
13.204195957883737,-1.0931992623777338
25.523136844362792,-2.684731227367363
68.17361787063346,18.995403702099537
-4.482083141492587,-14.163588611369825
-9.366266129266542,9.091395748417826
-2.162834871497417,-30.66180865750769
5.682624871205385,30.86547151882098
-0.9020218537360448,13.064285651510534
-18.23059447743148,13.461476370900602
-18.72291223761482,-11.32865240445281
24.521730206398516,10.472907454858733
33.86979936531109,23.335097009467688
-23.77247067323987,44.23534825737598
17.02240390972058,-39.433379147562405
20.583659707681484,-14.339979780434367
42.3505182523714,-14.370340516493554
51.765023955040114,1.9894589173130557
26.415604771053598,-21.753754612963874
26.72631894601692,-5.918068857926876
6.538982048036917,5.4945077296044955
24.631406595919927,-9.150945865290021
22.190767438975243,-7.937537932214398
31.706293771624836,-26.35585214742216
-42.91439925641948,39.02526530551895
-45.42550522963252,37.984488404107225
48.43662850598411,-21.412694276099188
-23.018860599973415,-0.20329730541302565
24.239924931264795,-7.13861388366033
14.261233336724313,-5.126964673685887
22.859381339291204,5.386430662042083
38.7104940072982,7.492214630188666
17.683403822684014,9.002567716506293
52.06580007308118,-18.67378839497291
52.9657341366374,5.330098243677069
23.352152530482925,4.969811015835071
-4.275018735258097,10.220047076870712
6.261194663092565,-5.211958008587792
-1.9996140423767963,23.425316140547462
-3.8676642748381007,-17.688073112654894
45.62212018051632,-9.329548800464442
-9.14723422501057,6.80572475063762
28.29822849035207,2.822843428688031
31.562127867843788,-0.24420091948286357
-26.509030533832313,-1.0656424368461166
27.260107013211005,10.399855959509798
17.45714443394003,9.067952480291705
44.24830433973421,15.725819430100405
17.2221728566477,24.208941115544228
72.72787333369554,-30.44877378153159
-11.570280516304154,-26.776992229522214
17.596469176362795,6.8450624155537865
7.33160194591139,2.753279792731443
23.722903890797607,10.234324462669289
59.12180054047776,35.15136248842915
30.881268898147653,-11.441472221643457
23.77297825369582,36.22548096179132
-30.206422146297164,-31.608166206145434
11.60112797123338,12.487907489314868
30.322825345378718,-6.594742645548814
-4.4635214832783925,6.642223123691877
65.64803780521923,4.809130323370424
8.618559468295503,-16.34066071633904
-18.185483677692087,24.429319088041314
39.64014859586581,-16.08559703436805
43.03769603480961,5.388021932880996
7.459019243274648,21.568714595357697
20.24788700063082,-8.504823977958436
34.837976288485756,-30.33832902289718
66.31025173655678,-40.289325012195555
-15.490482691265738,29.113517374627456
14.76894558080351,2.583544543205929
72.9105420112911,-20.535022963093116
60.992438061924574,-6.861700593686971
26.687253982752523,-6.73775258288532
51.19056806635437,39.0315197562817
6.996121244594421,2.8709348062753346
-14.291742647379875,8.341109293134943
-2.9731138236736623,-14.493848978198905
10.247210755424328,16.402441232555404
-4.725434875980402,43.12835282570389
-3.338450566317286,-30.54111165703373
23.69312833917863,-7.4552661137931135
31.78137489604304,-2.004595939793591
18.77704255234877,-35.02474229013522
4.565264083501187,-18.490462283121524
24.988543063132248,-6.4110836619009355
6.095388683053765,-0.2560230298931375
19.950936408861548,24.76991720660492
5.557257005165654,-2.741066183677962
17.76809534316959,-0.5731518597798011
115.354977089211,-4.866106494429078
79.68994570951031,56.666394921562095
108.32480964149373,23.822556259563548
56.97378559819035,1.8511494968243776
-0.27069909615599724,17.334356509345458
-11.6258151582273,-1.1331611684549832
55.656380467206134,38.41455613106887
95.49194248137498,-25.72443898198289
-13.974209854108944,1.5454999396348454
21.2048480294083,31.83389743823891
79.71937514355244,35.11550806554451
30.576806232678308,30.776793048645356
61.41204097159361,-6.776378822072813
32.174421265210846,-1.952760317985099
-13.608647357902584,-10.118532071625564
-11.31737896933316,-13.424189297618554
-8.46703621047824,4.572887185954908
28.682962855464346,-16.197397862316166
10.288543972831343,9.757892644847901
38.298449936433144,16.109070104679233
7.426821723674842,-0.1518544702543792
2.589922088464971,13.156171272958062
-26.14560020624999,-0.2892811798716205
74.15388669002665,-43.69789876198626
-13.864827656055374,1.570634419647628
10.055163876558433,-3.2721287504145726
63.037372026375515,-29.91667951737479
31.165983490174327,13.88766339607262
-17.29487100989387,3.5014795013920788
-14.404462749987662,17.33130225086725
-5.405019326844107,14.49460685135728
8.517420350047917,-18.816869098144306
8.50570580389571,-12.710361557296281
49.34535986487271,24.853355479151237
31.025110770354196,2.4045602846361174
-11.415040767855308,-10.427602338322028
-2.8414556964381568,14.81659802579104
27.269888083635827,-49.28824217322294
99.63161094263175,14.158897849054158
62.40428799560131,1.2247700249165185
3.0995814371036072,-16.40757589121576
-9.87380252702424,-22.111156812427733
0.8458168299661022,-18.41925510630798
36.938663978915116,25.40914753253174
32.904957163190836,-9.389327748833502
24.430938379067946,7.572747943621627
30.461257552095923,-0.9971977721359006
42.38079729541571,-2.541926984218304
20.160486280399443,-7.193923987974041
51.54909170821021,-18.14193307590933
12.31842365524624,24.084558734833692
12.773651843170317,-26.08903629996432
-13.968675150117427,0.0049733739288742975
60.2670379181214,2.9138311423282715
73.57829352539194,36.95500043883024
-2.455689401207621,46.63250849223057
67.28465317837203,18.184988992086755
39.49165561508005,-5.339498479249155
28.27960414439589,7.8738987685734125
33.55033126650498,36.72523595258029
6.36963157247328,-7.798089296382073
12.875853855637368,5.1607420176900645
-4.234375906634236,0.6077473133643452
-2.7338361212905875,6.467545495382319
24.603742977300264,2.4208822375602246
15.273845636838566,1.5199440617602338
29.56838723389113,16.891795206767764
21.537012983338574,-6.748217098607011
46.37795975391692,-1.0628117035071416
9.929389361176428,-3.531660533828695
27.19920776419658,16.218053979111577
77.77050554032449,-15.654592976877357
113.98168882917396,-33.078649845584465
27.131763013882026,18.610603075946994
25.816287510147045,32.81593863410515
58.9385378014634,-32.244137254651626
32.19197977243502,12.57230109893055
4.503092242692223,-1.8118548636532037
12.60402033579361,-3.744919841901732
22.69515571644521,-15.444050239903845
44.21571471430288,55.29103920575952
-17.990396271383386,39.30328847491265
12.675992630090706,-13.479124193347024
25.45213111356365,-6.5644168338351365
33.4736516185697,-8.699387388168915
19.117498637815835,38.69054900751727
8.017171900428423,-19.99235658344287
-21.855230845854337,20.67682313468342
-9.456324103715767,-9.231440018730172
-10.438166978541012,-5.08842129334208
16.910201373610647,22.79520620953733
11.158779902126197,-32.16712752026271
42.09097515379031,-17.938491573918803
16.234057978725506,28.946407284173894
30.025853477232218,21.10822560094496
43.656746115828945,-38.54017643181812
11.295735829193543,8.481653119078949
41.776327694407684,-17.44552207305849
-20.353867387934468,-27.296563433290103
41.042181336121885,-49.13466461210878
-2.3416905134057915,28.74613210433566
20.067803080463907,-35.21737561914285
79.9195989681843,-50.719294145283236
6.078053570440198,21.85091505858353
37.798327109262296,3.571636976744458
2.069532492456965,13.908914631582116
11.268762037184185,4.366150152350864
67.11005022087022,-9.15792148510221
13.89671721578829,-35.02887913288996
-11.13629815254982,33.47724965208369
25.19318952739767,23.344156764950306
9.566886728328889,-14.897129772535322
5.746048056695946,-26.725163103269278
35.07775134146029,-18.80314989872935
3.3655531318952785,5.364555150510788
34.65150655366824,-4.128761594180006
25.306470147598716,-11.98801867698763
25.65841219142311,-8.252243490994704
44.975928749138625,11.609358153100331
5.430094614081453,14.186865018922216
25.322767149402118,-18.52247116509909
-2.8620853082680373,-19.28830985989843
2.9193964001218946,20.899152853907854
46.57914864873868,-27.768417893642148
-7.060816525570157,-38.94182899962184
73.16817160596196,21.848803980850658
57.10990978881652,-2.9982704869947168
15.222652838085564,7.002267494617715
12.162836871479511,13.745467374893137
62.97403591891487,43.206522279898174
20.010433175612558,5.579959198382136
11.900511056958077,-12.117492427168898
-15.844849358391452,-68.99073817999651
95.0614690583141,-37.81599388991417
92.5067611410459,17.072801890833222
-4.856835903992904,19.16058532255563
32.300444782237946,18.484007872762227
-3.1395537936866913,-9.181185521532434
37.37946009892809,2.12748218213597
23.582714579077482,-10.534924190547457
2.567168392585607,0.01035801885381099
-4.401065702417057,20.95255398220094
-59.96936371322689,-6.362061299696601
-5.600600130574165,1.496195101436294
31.68434768515929,-9.764588060539031
18.839252150811514,6.198560228447485
-7.104628003093426,2.693002223088375
3.572444298015288,-11.030133415893317
26.87145301977741,3.4689154011862113
23.579691960958073,3.672942686258061
9.337533464923812,5.255880627957605
28.21542336553916,25.841444037575982
41.04873099912955,-0.05074478336309376
8.474262500722618,18.87013619425097
30.99772857039212,4.201274573197187
46.69228392841398,-16.412812632778277
18.129484621453205,29.406805193158448
19.59063644124808,26.16486769503887
13.57539729691004,2.5016056164479097
20.189660681168185,17.160985290800834
26.492236320212907,-8.104437757997227
40.01041785792039,-0.6088171610012904
-6.345799894010804,-5.337924100926006
46.22958913079915,-44.699145124792025
3.2601810485657285,-13.733078616807093
2.710867109983682,10.778473687412017
24.212205440669404,-6.384374752181263
64.45826740620551,-12.333538609424549
-16.574671851528592,-20.734138768758946
40.64839712698843,10.497022449046142
11.69108666605696,-2.1976633764161924
16.590325334400106,-12.479638878699772
61.2561255657821,-9.224526406979589
5.268372162267821,26.07335170115777
1.9859987217783037,5.826506149976153
6.744621610984333,-10.724348371866643
7.859515768078029,-25.004043315068042
-25.4640234912308,-25.688137369878234
10.254347129487012,20.516835285803857
28.529654833142352,-4.363989911634226
11.869434299027244,0.34031289846363016
-9.326610627541497,6.709539651659784
8.216578122890498,0.7363334583444738
6.293871246874279,2.001489367582733
-6.484869116698914,20.597348369555974
71.80451419334237,16.01049461163911
18.524322432180657,0.6988652988914354
34.290257869369896,-12.49142506632346
14.561426896079864,-2.644982852648893
29.86138372568073,8.591256245156393
16.70975560268751,-11.043795176895634
15.031666236831597,9.384380213048873
17.296783020366664,21.880208834876164
7.186067948842934,-8.868985091394773
39.21425070535678,18.501684342113005
55.73776117911745,-7.138820896453031
37.046712363607334,-22.598246930620633
45.88181104071249,5.609634638631425
-0.9089271663337853,-13.073552748991059
26.75759574106736,-3.4196464845605963
-0.5044286493007909,0.3241723495735847
8.332238426757021,20.3864022947032
-1.748709942572514,-10.418239211137179
4.968372718553382,-18.392723255913864
63.92297676480656,24.141547084962742
35.989946539606876,-2.042333460906492
26.336424041801358,-3.1380007700909403
18.51611302957378,6.553415824991097
-2.6462100057410627,50.87725519709571
-11.390702175569706,-10.61631006341166
58.05832209967768,40.189885610934034
12.147028256647399,-24.013776895118212
-0.9028949094122531,-14.653364009939981
32.69318865753398,-3.8682331121204774
46.44412261018572,0.5319709185700986
-32.02608880273923,19.79308486767877
39.18282893394228,-14.680565464751611
-4.842003712135214,-15.107074704773112
22.71356598121873,-11.521312084294566
74.53248783104074,38.26148380735331
41.714411965219185,16.688345481254938
-13.822522424162312,19.41472075898569
40.89597312649696,-16.540348628004097
20.95657180724679,-1.9302987441424864
33.09752811778479,5.198343701516829
-13.909120234701549,-9.687119105723342
6.138425352074145,-2.939902013880069
-12.092616705548442,7.747436181583596
28.997789472994885,5.10181009153819
51.04074889460583,11.573566396164967
-7.1241356429442995,1.9180903953170847
28.145753621299907,2.33430949772487
115.36001133258625,-3.334773555986889
22.288761160643993,-8.124342857588822
12.668221303924739,-16.51237614303835
34.29665296377994,2.611578623165244
92.07252058908708,-16.547221106814128
34.39765780734164,-40.17450615199737
-5.278825216659829,-49.2363699542383
22.826554639077262,-8.378380724637205
-3.722626934184327,43.4085025784085
47.16957722260431,-17.21673415125063
-10.592944687445344,-5.723575299883988
56.94193106835684,37.36537723501514
45.16514917171401,21.374773139939396
7.726329674763987,-2.1714578572149206
8.486915110191925,-8.99036771134956
8.408733748869246,-6.27361916895399
13.284629470651504,-11.882151348094263
-2.860608488595363,-21.251352323036325
112.88293168574373,-15.86670218007527
35.34045656306327,-5.0565445415527925
40.384013067842126,24.968379502217502
15.656455731920799,-15.427897670670648
35.10455428414346,-8.45989281341848
23.53155446511463,38.380204059893856
42.46119826806517,-3.231838850233996
6.496365891191568,-10.234909418806321
32.18097004704741,-13.78370940184055
97.02076588507286,-5.285471440275216
-7.5394619865355,13.544525997172439
-18.654695996672466,11.90097441234729
36.91863746620746,2.7490406632588544
36.69171642795213,0.451285222650234
36.61519278346872,18.942747080253614
19.90445601697895,13.423938465354238
30.04284444480098,-15.126608268790065
-15.16241536576824,-13.80149531246708
16.193226934755923,3.984080198940482
-4.888057707779292,5.583622247707058
68.69533259935152,-23.08943820788749
54.170849982111,-13.460366143855488
29.982771832057406,-8.66676340320397
39.80983240736596,3.834819962387338
-3.4019723570422635,-18.036487545089855
75.07617296156643,5.875694737397931
10.538832534825803,9.853869600423023
36.08393410373547,2.30354738112282
34.86952737749255,-4.0956809549799145
-6.9753671747323525,-1.2576538158667794
59.24205960587405,-4.006097075140461
2.499487595965521,10.844862584562692
8.853940278262044,-12.600401624794051
46.70028168226986,4.815104349837416
26.862522809689892,1.133075323781068
87.66972420723846,57.907208160029974
18.38076189648571,11.733139655808206
22.722737804352377,-4.696015538356338
67.31905405446584,-32.915580024850364
11.888622377540564,-10.349764107786081
30.182814296836778,-2.3158192374622484
44.84266428018297,9.557280508823473
41.36622952966038,36.70369913987953
55.49598837571033,-35.18231101084544
19.91776731510341,25.26680954452756
40.17722375219917,19.905753473635606
29.60831332357215,17.611918230225083
34.10886926698483,3.8205044184650343
16.301200205431265,5.632151167424365
-5.545650607911128,34.02122926101867
-10.1832881486868,-29.544901671456053
-29.45336144428242,16.495013196874677
13.401800240734714,-7.554104561508163
-5.604034709976775,-4.889134364059688
-2.30262851783829,0.9401417989098924
-3.0749656586169114,-2.1600571591219464
-22.063818253353556,1.8114844115661883
56.970581784645624,10.556430352615887
17.180330985978227,-11.731740936975068
25.700831555241557,-45.81725326539901
43.01786412553054,34.3387961922353
52.13821184367728,-26.69304499379389
33.729290490442324,-18.171046990827488
36.47875171801248,-9.858381842062487
20.404031516205425,-17.080726745500428
57.32860373003114,1.073348885630093
20.58295728045029,-1.240242706893245
65.68486882968,27.087004357331775
14.450294424624062,-15.543417093705518
1.9312277567884217,51.04927085104723
29.779302731593507,-3.1037386724064207
41.399076488477164,-15.40634554791893
31.17803655731382,29.56993509573505
32.698232122885095,8.367058764953063
-14.269827936395018,-13.725467090155092
18.417279316838442,4.567418194407677
-32.072001396556395,-19.459452219068996
26.523696605347318,-6.194621422400855
10.579601008236416,-5.145781869755195
56.0334142206397,36.142676963898275
36.81119764810474,33.889286500420695
34.23994622065912,-10.857751412659654
-1.6323971697030086,-24.51875044729137
-22.952257133347242,26.050855048257798
42.03988814654779,15.120732389599636
16.067238953752312,1.4749423951720377
40.46213294889469,5.811847200786471
34.29172514863281,9.700005567386214
-8.388730015891113,27.855208779120044
70.9675081547256,-19.154624627498222
7.732499492332759,18.194335688647907
-6.744997655712756,-0.9322241608207671
35.97233224972678,16.67661102628352
36.33583522447916,7.70954453755571
7.0496631849949924,-2.4341748998668864
8.955159538740254,-19.320645241265524
40.351454122980684,45.371880734913375
28.142740882174024,-13.489630059828496
27.881044980111167,3.9264242252843244
22.044540134084333,7.734842504912287
14.697621108572154,-13.835976703860117
47.63671027110878,9.000700575553886
39.064888499799466,35.016639001819215
35.74588454478475,1.911563596049801
39.81647691439619,27.183454528510367
51.941454627624836,-35.32605725199494
44.261256677553455,-2.926295135790013
-9.034975881305549,-3.5614856449026577
21.938041140103678,17.901273805202614
13.833535145061589,3.657362752290884
10.242582292323005,-9.05137417275449
-32.48275101484436,15.887403361230149
-8.161940794338461,2.8691715007117113
43.8938963016587,27.124208315178436
37.025408184870166,-15.611366608837086
25.967979273392416,-16.605552696991047
13.535177280781289,31.50457261977287
42.33209145753095,38.43540296287386
59.416267754030756,8.074343104711089
-14.783860330042259,20.465135093181686
7.369429164236968,-7.284246985045977
0.1090647813164388,6.407662334214218
7.407282129205514,-20.288160839435697
53.946207687235784,-6.812001159339494
22.914880575540717,-4.657341263310143
94.30062430940956,43.125137560389575
28.720170798907155,-5.1589042431170276
73.32613270599792,29.893759695707264
55.46628724413867,29.815338047837038
1.637047918090509,10.97807033188601
19.263312877389776,-3.1117267102285657
-22.123386358930702,-18.82466790912081
17.39247284198883,-8.792797365252495
50.10122585482785,-6.883687135533162
11.468740724901826,7.131250800007246
45.45680083026045,-10.012526223049557
2.6466441980094726,-11.212315781569707
12.710785864154238,-6.53773375760279
103.26806780208287,-11.065225065178502
5.750524276440055,-8.765524434895864
40.39129457868348,3.6380125515376167
-14.662135169079512,21.530530110834714
26.178037310612424,-18.226441853633702
6.604986937233802,33.28022587839397
41.86473020218399,10.754726955484033
1.4002055767268136,-8.04808799190713
-5.550799057793832,-6.828851917822026
53.896869457556676,-19.600423770229124
62.70583789348844,-24.530784217087277
27.448449296703625,8.24911773161523
23.43576854872502,-7.374085107622966
21.118604134131555,-15.431665895835406
-7.310830468682448,10.249832387756415
33.94031638329673,9.479272463290382
0.19876233235019214,25.40554926584698
-10.80351412645323,-1.1088585532467645
-22.587281157065302,-3.905330467038196
63.73099607788712,-5.214351285737182
3.7829954787956552,26.14553060834314
0.5877159767933934,15.909307271667007
5.863579305238367,10.210708332789828
19.41951156254264,27.772507990121245
83.3114469500252,-31.53004715164249
24.56565967301643,13.401924845643467
8.233252379263297,-16.581025941708806
-47.1586956028799,-5.521353693724967
-0.07314135015103669,3.5796948605236945
42.70431322135621,15.155920372684838
-12.02752268981898,20.847104654934853
36.88020127042852,1.6778013222496377
7.368503681950795,-10.038328422074489
39.71687284155592,7.061496273584102
54.61769827802222,25.421748223597586
39.41862485666688,5.832939417431682
19.343461503380098,-6.759126348840073
-4.8837769187334725,-12.1494927316671
7.716882324405595,-7.4102188199097405
-10.2844257163693,-7.356693739645812
45.63989218537856,-7.339759491373182
18.25719833297237,-3.41947483427994
38.58253006690711,29.70000675656681
118.90474043616173,-25.85131808988656
3.4363684081414063,-17.55986468521194
-31.0250109884607,7.846684186958066
22.875271557980348,8.621963862759001
21.393373622989216,6.041644410627351
-4.052510930244019,-24.415279580264585
35.13432514059935,-17.638535519219914
37.492394573355966,39.40696450511043
12.21374722168781,-4.0834902855531
29.180221243372383,-20.47183032543373
42.522471662520324,46.726929992084806
72.62653973064218,12.701774129690879
54.04147948832449,53.59902649626377
64.69680173915468,2.7485727502292154
0.03783432434815409,23.71214995999874
23.944275596725966,-4.68533733943791
16.252231373646953,10.814170069982415
53.86861072685205,29.311128550387128
21.654591053717983,-14.793681072338604
105.39717176771522,-0.7363320453570769
22.066944861420893,17.637262514122238
19.91117148025477,3.8582371744776096
9.378398116564401,-4.895134060071327
58.03191146881903,17.0435630569784
43.32895570015681,3.796244294988039
24.68142632144472,0.47209931020050494
23.382128786960322,11.046223639495496
-6.615458295110077,6.968776564046105
24.900774127847036,-7.966080586838589
-0.15090119957669673,14.411436471608699
-15.329795161695925,-8.600675886428471
14.89632476309563,-3.3550647471909816
34.33796668620671,-16.052477409430995
7.8571750712382125,-22.330298293887456
18.799804938233947,-27.427488349842335
63.511822160865044,17.616415620229454
15.953145020288396,13.119079265021485
-6.636622914957965,-7.517870662509769
1.853467140899151,-0.21729556277133166
-3.417975660436136,14.078219642208566
34.6699026080444,0.42139698031162803
14.824614593914646,-9.929696149173937
19.99577297117578,11.627204205690559
-5.363891082089316,-4.506292967687938
43.930841401552705,-5.130957959392301
29.32067347697079,-32.517413887723144
55.16171581681689,-12.316357087397419
18.84789951344466,-1.228249736720229
51.15874556853646,-8.784798850534033
37.93033185651715,26.15267550410688
4.899598942414287,16.039054327268108
17.725157924080108,-1.3089430447504402
22.73443710977183,9.864432007480408
51.8715864689234,-16.292865192188742
2.6369787264704616,-3.502254782750167
-4.585112834835452,3.287664471330319
38.702285935466804,-20.944953209107236
14.749139887024443,11.288011523293092
-17.585179684891248,-16.116297771357733
-15.353746657738984,-0.8835028468280224
40.208252077820156,1.9803375985628058
13.494709484174884,6.706509087839969
1.8410054635276094,-19.551387532397563
81.29029880956519,-8.768765517321754
-4.278755424105371,-4.719386867994167
1.009814308284676,18.734137658647136
17.252135059879713,47.66055688638922
34.02471262722887,22.410140647849996
21.518979483096956,36.63152531652536
39.55105586311475,-14.107587474411718
7.94832543773078,9.59129983342802
49.054264509346275,2.1231315816430976
-8.92575565941972,39.80883938103198
76.84943440278902,5.357200326841393
20.795227291469804,-20.260980076712386
22.764338069516057,-12.80877072202436
49.18013186783524,-14.562853781986481
44.2553672337972,-1.515243933913976
4.4704257012484865,-14.831272896915742
3.547628908681941,-8.735955099563034
51.02313126133088,2.512014416067603
46.19926359351487,15.076581630970976
0.8535344321200758,-7.259536779232367
14.588282247867419,9.112231470944826
50.382863393692006,-6.052854395827741
50.73280975700339,-4.197686469110331
9.859014872729707,-1.4269422805300176
-0.30551706979024856,-17.08881885493524
10.666997592435237,-13.437685863154174
7.714317162447995,-16.273260516585772
-4.674420114288713,25.99247626204515
-15.19225860421095,19.84091560237382
-17.469471357537888,22.674509073688238
58.3278606646386,-27.234386137792768
30.91767624340451,-4.087810255834384
30.36276560850452,3.5948616656598933
106.02912525942271,17.14565630735982
4.7523832618886415,-18.941767964568452
-11.057790586766517,41.788152705330475
-17.530323440799286,-25.9329647663942
-17.142775375700094,-10.338302281855656
-14.727351690234066,-16.60928495534523
12.878578325796758,45.90563984939704
36.98439791311898,-30.9004075228414
52.471053233373844,12.645676050123196
35.43231125604211,-9.153905283838705
21.704307666976348,27.20262982684734
-4.9615623457330384,19.720521804490406
4.905812859813447,6.817011593235323
41.494924426698944,4.520064497177325
34.793346186036956,17.680363882614397
-26.694196134040464,-46.464637602037016
98.64913003879651,0.30421253791676883
34.485897118805674,-10.54754416605097
-23.15714258580269,3.3986462299835254
36.07822680217647,-5.136232661351656
36.54325974769787,-20.880720571998
41.21946187510395,-1.2127755667266147
-0.5952813425939053,13.694212580808603
2.4624325014275423,-6.866852349432453
24.08924864896548,12.555710628333928
66.70958026999477,-25.959466134763307
36.605684897160664,23.832608721076788
20.332924856213246,10.66367298638914
15.020763987288744,-14.295951382958181
10.48657459665988,1.5020542571949935
35.2922012801326,14.801292259013316
28.71568600608664,-1.4358665310481928
31.882043615264237,2.501477345672168
30.67490249773945,15.722978916855185
44.0243803756993,5.130347939193623
6.351096111699249,11.31278455351683
33.88005208806077,4.146753591686905
59.504052544047795,22.925893467615065
-1.0732939193334865,-18.83380143788409
-8.406966287286906,55.9250829565167
49.11736820581774,3.951940458966135
34.27620311535503,31.823522582229064
11.393654013935588,15.515221251445439
47.339114026559386,-35.79704733936261
19.74569165564082,36.010884438306
12.620246802286205,-6.655035083790274
-11.857309258976008,-7.277294346491295
34.15278408023957,28.61683119147579
71.54954997208708,24.19405265562228
-21.85702974980442,-5.795920994070454
-9.686195429754626,3.0569029033651844
47.44066297720739,-18.597536948722976
28.019031414924807,32.52615148104588
40.358378044274396,-26.63735185093579
67.65270765131464,15.449722581916056
-0.22993373700465528,-32.89918885245828
-4.8784051272812015,-16.969581818217556
41.01990234348373,-23.598263349558106
46.580008935550495,24.111609715236675
-30.760913413521425,33.74490599127761
17.04419351856218,2.8765794370858484
8.748437240610585,-5.683129283790165
20.67247851262797,10.995255720463893
33.727540974561215,19.399102539486655
-9.038070132201097,-26.002016188303305
91.86994495249509,-6.008777337968204
8.567910369170924,11.39422783581202
23.037585841434055,2.791805728947565
31.442777035073348,-11.63795714353546
25.171388402716794,-11.922294491257473
28.923046153160843,8.310599579975577
91.62818194834715,-57.25277498229472
61.94174634917196,-24.233749414350896
19.305154458271797,-18.616216786094792
-28.171094289743415,25.91999526295017
90.20307585970987,-30.001545557284434
41.526602034442014,-19.07573894045083
5.725587706089807,6.291312641623489
31.536668068501438,3.2502219041354543
6.875061099768799,5.579815288666195
49.72096457989082,4.039149811362479
46.684363410379504,-2.5647722421864563
-2.9477194106853113,4.02667075987524
43.49597215603789,4.184939103386765
22.39786554204891,15.643679275491431
-24.265166051498863,-10.49149530930055
43.366088200721585,-14.95294369674403
2.886385989143316,-8.940300574678904
26.151726417609673,-3.798671100205327
-2.610376664765981,10.925736245561689
-9.512974523220546,31.0835400478051
5.233192507687598,-9.344567021114777
17.969175338330714,2.261245903409798
-5.410997104553529,-2.40862133373557
67.65032963601514,-6.33485049497444
9.482838217177578,-1.6746083246556627
93.03824172327901,-0.8335386012573675
6.72294610596317,-6.639565558287527
20.370683293812057,14.568549704024433
3.5387760550931415,19.386905498558015
51.60164710430023,-27.305887541993844
-11.620187991618637,12.814939792715972
13.554462103488444,13.69793854253567
10.991419239521758,10.652736563936207
4.196202089071807,9.530392532763877
31.151430115673424,-23.69556995577227
-45.607412899432724,16.443532064164955
-15.48963509247115,-0.2723582385575869
33.642842237803436,
