Embedding_ID,Memory_Bytes
0,334416
1,334292
2,333298
3,334498
4,334091
5,334235
6,334599
7,333633
8,334036
9,334501
10,334417
11,334177
12,334350
13,334241
14,334531
15,334394
16,334185
17,334122
18,334279
19,334404
20,333335
21,334206
22,334423
23,334514
24,334213
25,334165
26,334076
27,334175
28,334239
29,334255
30,334373
31,334124
32,334347
33,334336
34,334312
35,334376
36,334264
37,334214
38,334023
39,334116
40,334477
41,334328
42,334291
43,334156
44,334418
45,334447
46,334372
47,334419
48,334321
49,334496
50,334521
51,334342
52,334243
53,334480
54,334067
55,334458
56,334392
57,334441
58,334317
59,334299
60,334344
61,334173
62,334429
63,334150
64,334391
65,334537
66,334186
67,334137
68,334190
69,334270
70,334219
71,334496
72,334325
73,334201
74,334358
75,334464
76,334385
77,334415
78,334107
79,334333
80,334303
81,334236
82,334483
83,334016
84,334431
85,334511
86,334006
87,334500
88,334261
89,334433
90,333984
91,334457
92,334398
93,334432
94,334216
95,334330
96,334246
97,334519
98,334460
99,334213
100,334098
101,334403
102,334005
103,334343
104,334404
105,334364
106,334269
107,334360
108,334368
109,334421
110,334384
111,334343
112,334120
113,334473
114,334326
115,334137
116,334457
117,334403
118,334080
119,334106
120,334120
121,334432
122,334222
123,334055
124,334313
125,334419
126,334450
127,334036
128,334195
129,334421
130,334490
131,334276
132,334349
133,334073
134,334370
135,334151
136,334266
137,334405
138,333304
139,334455
140,334443
141,334177
142,334275
143,334277
144,334056
145,334409
146,334401
147,334420
148,334366
149,334320
150,334390
151,333902
152,334365
153,334263
154,334401
155,334285
156,334187
157,334466
158,334485
159,334112
160,334416
161,334489
162,334374
163,334041
164,334227
165,334456
166,334228
167,334381
168,333985
169,334264
170,334222
171,334193
172,334317
173,334176
174,334343
175,333714
176,334410
177,333886
178,334414
179,334200
180,334180
181,334482
182,333858
183,334379
184,334465
185,334389
186,334521
187,334102
188,334045
189,334460
190,334388
191,334529
192,334200
193,334433
194,334224
195,334508
196,334578
197,334429
198,334377
199,334296
200,334399
201,334311
202,334360
203,334216
204,334154
205,334135
206,334134
207,334219
208,334490
209,334392
210,334235
211,334189
212,334342
213,334376
214,334284
215,334331
216,334238
217,334408
218,334163
219,334362
220,334369
221,334273
222,334365
223,334225
224,334368
225,334368
226,334395
227,334209
228,334262
229,334375
230,334345
231,334072
232,334385
233,334383
234,334449
235,334145
236,334416
237,334105
238,333597
239,334451
240,334421
241,334121
242,334394
243,334053
244,334329
245,334449
246,334409
247,334288
248,333841
249,334116
250,334242
251,334345
252,334341
253,333763
254,333433
255,334089
256,334175
257,334309
258,334158
259,334555
260,333336
261,334511
262,334101
263,334446
264,334468
265,334400
266,334560
267,334574
268,334449
269,334111
270,334509
271,334386
272,334472
273,334362
274,334205
275,334245
276,334320
277,334384
278,334437
279,334324
280,334440
281,334450
282,334185
283,334459
284,334405
285,334294
286,334228
287,334309
288,334174
289,333775
290,334252
291,333343
292,334328
293,334560
294,334256
295,334575
296,334137
297,334515
298,334396
299,334345
300,334270
301,334190
302,334100
303,334250
304,334480
305,334446
306,334510
307,334169
308,334174
309,334452
310,334239
311,334335
312,334270
313,334435
314,334268
315,334395
316,334471
317,334308
318,334344
319,334322
320,334427
321,334367
322,334209
323,334190
324,334495
325,334352
326,334324
327,334439
328,334220
329,333825
330,334211
331,334332
332,334191
333,334360
334,334401
335,334423
336,334210
337,334400
338,334344
339,334557
340,334458
341,334193
342,334259
343,334357
344,334293
345,334380
346,334183
347,334327
348,334159
349,334310
350,334311
351,334391
352,334482
353,334378
354,334385
355,334226
356,334234
357,334246
358,334505
359,334230
360,334426
361,334131
362,334346
363,334505
364,334403
365,334269
366,334443
367,334064
368,334298
369,334164
370,334122
371,334501
372,334125
373,334311
374,334157
375,334045
376,334480
377,334455
378,334297
379,334487
380,334328
381,334388
382,334473
383,334151
384,333928
385,334359
386,334475
387,334430
388,334463
389,334332
390,334466
391,334403
392,334357
393,334315
394,334302
395,334449
396,334009
397,334313
398,334264
399,334237
400,334358
401,334189
402,334462
403,334531
404,334344
405,334333
406,334465
407,334289
408,334404
409,334316
410,334508
411,334191
412,334187
413,334094
414,334369
415,334351
416,334013
417,334164
418,334376
419,334417
420,334175
421,334299
422,334154
423,334251
424,334262
425,334292
426,334562
427,334152
428,334409
429,334456
430,334441
431,334206
432,334153
433,334329
434,334374
435,334140
436,334293
437,334325
438,334466
439,334417
440,334324
441,334254
442,334368
443,334405
444,334290
445,334431
446,334345
447,333694
448,334441
449,334460
450,334188
451,334346
452,334317
453,334286
454,334236
455,334298
456,334152
457,334150
458,334404
459,334384
460,334278
461,334147
462,334312
463,334187
464,334413
465,334407
466,334505
467,334471
468,334381
469,334376
470,333766
471,334426
472,334104
473,334273
474,334116
475,334382
476,334391
477,334344
478,334187
479,334325
480,334158
481,333869
482,334413
483,334203
484,334216
485,334090
486,334195
487,334112
488,334528
489,334486
490,334369
491,334464
492,334362
493,334427
494,333938
495,334162
496,334319
497,333689
498,334429
499,334223
500,334455
501,334065
502,334500
503,334271
504,334499
505,334148
506,334061
507,334333
508,333623
509,334538
510,334345
511,334021
512,334324
513,334519
514,334318
515,334171
516,334270
517,333811
518,334234
519,334337
520,334445
521,334302
522,334457
523,334190
524,334162
525,334492
526,334426
527,334481
528,334368
529,334099
530,334387
531,334366
532,334301
533,334217
534,334491
535,334047
536,334331
537,334223
538,334185
539,334356
540,334202
541,334405
542,334440
543,334476
544,334386
545,334170
546,334423
547,334415
548,334424
549,334472
550,334261
551,333996
552,334553
553,334408
554,334401
555,334182
556,334410
557,334225
558,334167
559,334451
560,334422
561,334336
562,334108
563,334093
564,334272
565,334359
566,334390
567,334098
568,334069
569,334358
570,334477
571,334505
572,333576
573,334153
574,334309
575,334404
576,334438
577,334289
578,334163
579,334096
580,334226
581,334431
582,334515
583,334262
584,334436
585,334354
586,334395
587,334352
588,334356
589,334288
590,334235
591,334386
592,333339
593,334044
594,334121
595,334124
596,334159
597,334216
598,334404
599,334160
600,334417
601,334251
602,334468
603,334352
604,333357
605,334384
606,334468
607,334228
608,334393
609,334225
610,334486
611,334476
612,334193
613,334214
614,334069
615,334459
616,334091
617,334352
618,333365
619,334154
620,334299
621,334409
622,334385
623,334366
624,334446
625,334478
626,334402
627,334527
628,334432
629,334380
630,333361
631,334386
632,334451
633,334182
634,334170
635,334452
636,334177
637,334276
638,334172
639,334399
640,334345
641,334207
642,334488
643,334334
644,334322
645,334181
646,334362
647,334218
648,334375
649,334449
650,334184
651,334096
652,334333
653,334270
654,334453
655,334174
656,334259
657,334119
658,333988
659,334409
660,334454
661,334423
662,334148
663,334220
664,334386
665,334043
666,334420
667,334428
668,334228
669,334324
670,334576
671,334247
672,333846
673,334378
674,333978
675,334424
676,334068
677,334150
678,334368
679,334194
680,334130
681,333338
682,334264
683,334431
684,334381
685,334296
686,334128
687,334162
688,334472
689,333282
690,334424
691,334295
692,334399
693,334441
694,334143
695,334503
696,334442
697,334398
698,334235
699,334276
700,334176
701,334403
702,334500
703,333297
704,334321
705,334339
706,334408
707,334498
708,334509
709,334231
710,334469
711,333411
712,334097
713,334200
714,334229
715,334342
716,334305
717,333896
718,334285
719,334346
720,333998
721,334272
722,334356
723,334522
724,334178
725,334438
726,334003
727,334399
728,334427
729,334329
730,334289
731,334226
732,334422
733,334454
734,334209
735,334195
736,334414
737,334219
738,334383
739,334228
740,334108
741,334428
742,334293
743,334331
744,334117
745,334315
746,334199
747,334399
748,334307
749,334141
750,334434
751,334112
752,334348
753,334184
754,334470
755,334371
756,334141
757,334252
758,334107
759,334180
760,334379
761,334372
762,334147
763,334448
764,334178
765,334349
766,334443
767,334125
768,334098
769,334334
770,334382
771,334469
772,334394
773,334353
774,334507
775,334128
776,334085
777,334265
778,334384
779,334013
780,334515
781,334502
782,334383
783,334191
784,334086
785,334503
786,334481
787,334326
788,334390
789,334313
790,334343
791,334156
792,334437
793,334362
794,334167
795,334155
796,334411
797,334394
798,334260
799,334061
800,333972
801,334482
802,334444
803,334283
804,334361
805,334484
806,334442
807,334353
808,333282
809,334489
810,334306
811,334250
812,334450
813,334171
814,334491
815,334094
816,334090
817,334468
818,334228
819,334115
820,333348
821,334218
822,334323
823,334476
824,334401
825,334332
826,334389
827,334252
828,334376
829,334387
830,334246
831,334523
832,334153
833,334151
834,334223
835,334473
836,333355
837,334196
838,334119
839,334481
840,334436
841,334425
842,334344
843,334389
844,334364
845,334185
846,333872
847,334380
848,334345
849,334509
850,334157
851,334318
852,334301
853,334494
854,334346
855,334220
856,334479
857,334200
858,334331
859,334452
860,334368
861,334408
862,334073
863,334371
864,334097
865,334302
866,334418
867,334154
868,334477
869,334472
870,334419
871,334441
872,334208
873,334375
874,334264
875,334253
876,334220
877,334413
878,334452
879,334513
880,334164
881,334145
882,334027
883,334097
884,334427
885,334218
886,334326
887,334361
888,334339
889,334462
890,334062
891,334335
892,334441
893,334371
894,334250
895,334368
896,334123
897,334366
898,333817
899,334458
900,334376
901,334474
902,333912
903,334280
904,334106
905,334361
906,334165
907,334263
908,334267
909,334483
910,334090
911,334132
912,334401
913,333827
914,334312
915,333787
916,334021
917,334358
918,334442
919,334440
920,334433
921,334353
922,334442
923,334259
924,334167
925,334197
926,334393
927,334060
928,334496
929,334163
930,334378
931,334488
932,334281
933,333499
934,333905
935,334109
936,334253
937,334312
938,334498
939,334394
940,334244
941,334368
942,334312
943,334244
944,334310
945,333847
946,334419
947,334270
948,333967
949,334326
950,334302
951,333324
952,334380
953,334177
954,334245
955,334017
956,334358
957,334407
958,334419
959,334201
960,334354
961,334484
962,334518
963,334409
964,334321
965,334163
966,333759
967,334538
968,334361
969,334418
970,334502
971,334317
972,334218
973,334429
974,334074
975,334382
976,334104
977,334238
978,334029
979,334418
980,334140
981,334336
982,334283
983,334507
984,334162
985,334498
986,334503
987,334454
988,334442
989,333976
990,334423
991,334363
992,333497
993,334362
994,334267
995,334513
996,334399
997,334510
998,334412
999,334403
1000,334490
1001,334369
1002,334203
1003,334174
1004,334183
1005,334495
1006,334303
1007,334292
1008,334258
1009,334168
1010,334514
1011,334318
1012,334409
1013,334285
1014,334486
1015,334265
1016,334309
1017,334348
1018,334266
1019,334160
1020,334410
1021,334411
1022,334193
1023,334203
1024,334456
1025,334296
1026,334347
1027,334042
1028,334445
1029,334349
1030,334356
1031,334225
1032,333501
1033,334063
1034,334549
1035,334384
1036,334465
1037,334108
1038,334299
1039,334233
1040,333884
1041,333889
1042,334132
1043,334410
1044,334285
1045,334353
1046,334119
1047,334377
1048,334403
1049,334167
1050,334201
1051,334416
1052,334329
1053,334212
1054,334061
1055,334336
1056,334446
1057,334070
1058,334220
1059,334362
1060,334481
1061,334231
1062,334415
1063,334397
1064,334366
1065,334386
1066,334501
1067,334469
1068,334351
1069,333576
1070,334450
1071,334514
1072,334226
1073,334297
1074,333656
1075,334389
1076,334516
1077,334308
1078,334426
1079,334332
1080,334443
1081,334407
1082,334367
1083,334168
1084,334225
1085,334329
1086,334427
1087,334201
1088,334171
1089,334468
1090,333914
1091,334261
1092,333833
1093,334292
1094,334267
1095,334132
1096,334190
1097,334400
1098,334525
1099,334337
1100,334201
1101,334137
1102,334452
1103,334281
1104,334564
1105,334342
1106,334472
1107,334516
1108,334467
1109,334418
1110,334329
1111,334210
1112,334540
1113,334519
1114,334386
1115,334507
1116,333848
1117,334314
1118,334230
1119,334384
1120,334378
1121,334385
1122,334299
1123,334337
1124,334408
1125,334156
1126,334416
1127,334293
1128,334416
1129,334311
1130,334170
1131,334162
1132,334075
1133,334450
1134,334137
1135,334088
1136,334388
1137,333645
1138,334210
1139,334310
1140,333364
1141,334364
1142,334157
1143,334387
1144,334447
1145,334106
1146,334422
1147,334440
1148,334432
1149,334245
1150,334303
1151,333546
1152,334455
1153,334355
1154,334418
1155,334333
1156,334149
1157,334402
1158,334334
1159,334294
1160,334475
1161,334435
1162,334483
1163,334308
1164,334450
1165,333405
1166,334284
1167,334456
1168,334394
1169,334466
1170,334284
1171,334511
1172,334237
1173,334310
1174,334394
1175,334348
1176,334338
1177,334102
1178,334209
1179,334457
1180,334405
1181,334333
1182,334079
1183,334348
1184,334113
1185,334110
1186,334539
1187,334016
1188,334402
1189,334468
1190,334300
1191,334526
1192,334162
1193,334306
1194,333266
1195,334575
1196,334158
1197,334388
1198,334487
1199,334432
1200,334211
1201,334525
1202,334572
1203,334350
1204,334530
1205,334224
1206,334001
1207,334554
1208,334459
1209,334487
1210,334380
1211,334100
1212,334477
1213,334470
1214,334387
1215,334344
1216,334302
1217,334123
1218,334433
1219,334347
1220,334466
1221,334131
1222,334081
1223,334280
1224,334096
1225,334213
1226,334413
1227,334195
1228,334076
1229,333509
1230,334362
1231,334469
1232,334152
1233,334474
1234,334266
1235,334366
1236,334233
1237,334404
1238,334466
1239,334333
1240,334144
1241,334414
1242,334503
1243,333893
1244,334501
1245,334130
1246,334388
1247,334431
1248,334398
1249,334317
1250,333922
1251,333924
1252,334327
1253,334407
1254,334438
1255,333236
1256,334261
1257,334154
1258,334257
1259,334353
1260,333382
1261,334146
1262,334353
1263,334521
1264,334540
1265,334335
1266,334488
1267,334218
1268,334437
1269,334379
1270,334365
1271,334069
1272,334398
1273,334499
1274,334536
1275,334127
1276,334392
1277,334335
1278,334308
1279,334455
1280,334300
1281,334128
1282,334390
1283,334278
1284,334143
1285,334462
1286,334418
1287,334299
1288,334255
1289,334286
1290,334095
1291,334198
1292,334185
1293,334399
1294,334388
1295,334403
1296,334324
1297,334349
1298,334182
1299,334504
1300,334462
1301,334457
1302,334144
1303,334130
1304,333363
1305,334307
1306,334290
1307,333392
1308,334057
1309,334188
1310,334347
1311,334119
1312,334419
1313,334007
1314,334435
1315,334293
1316,334512
1317,334353
1318,334232
1319,334222
1320,333945
1321,334325
1322,334137
1323,334377
1324,334416
1325,334263
1326,334392
1327,334328
1328,334407
1329,334085
1330,334408
1331,334335
1332,334169
1333,334395
1334,334249
1335,334351
1336,334241
1337,334203
1338,334446
1339,334216
1340,334434
1341,334411
1342,334425
1343,334460
1344,334421
1345,334470
1346,334238
1347,334446
1348,334303
1349,334454
1350,334333
1351,334460
1352,333733
1353,334466
1354,334340
1355,334429
1356,334223
1357,334295
1358,334477
1359,334373
1360,334491
1361,334180
1362,334329
1363,334353
1364,334331
1365,334323
1366,334455
1367,334433
1368,334410
1369,334287
1370,334078
1371,334496
1372,334427
1373,334123
1374,334208
1375,334402
1376,334393
1377,334397
1378,334455
1379,334395
1380,334341
1381,334485
1382,334354
1383,334348
1384,334374
1385,334136
1386,334336
1387,334371
1388,334426
1389,334213
1390,334242
1391,334274
1392,334155
1393,334369
1394,334384
1395,333704
1396,334364
1397,334141
1398,334429
1399,334315
1400,333304
1401,334387
1402,334132
1403,334109
1404,334462
1405,334312
1406,334209
1407,334430
1408,334431
1409,334500
1410,334435
1411,334333
1412,334342
1413,334484
1414,334395
1415,334052
1416,334325
1417,334151
1418,334480
1419,334217
1420,334188
1421,334139
1422,334373
1423,334228
1424,334516
1425,333702
1426,334079
1427,334451
1428,334192
1429,334316
1430,334450
1431,334424
1432,334375
1433,334315
1434,334416
1435,334513
1436,334329
1437,334486
1438,334178
1439,334352
1440,334247
1441,334363
1442,334035
1443,334491
1444,334129
1445,334320
1446,334435
1447,334507
1448,334147
1449,334329
1450,334468
1451,334223
1452,333358
1453,334116
1454,334500
1455,334452
1456,333909
1457,334436
1458,334339
1459,334470
1460,334161
1461,334301
1462,334198
1463,334154
1464,334387
1465,334347
1466,333370
1467,334548
1468,334510
1469,334345
1470,334292
1471,334417
1472,334420
1473,334312
1474,334156
1475,334526
1476,334049
1477,334433
1478,334438
1479,334213
1480,334477
1481,334496
1482,334337
1483,334528
1484,334223
1485,334291
1486,334442
1487,334403
1488,334192
1489,334519
1490,333314
1491,334055
1492,334072
1493,334340
1494,334428
1495,334358
1496,334187
1497,334462
1498,334344
1499,334358
1500,334428
1501,334381
1502,334491
1503,334427
1504,334313
1505,334534
1506,334214
1507,334148
1508,333342
1509,334412
1510,334406
1511,334147
1512,334415
1513,334420
1514,334355
1515,334345
1516,334050
1517,333900
1518,334272
1519,334072
1520,334057
1521,334199
1522,334242
1523,334232
1524,334438
1525,334460
1526,334223
1527,334305
1528,334092
1529,333395
1530,334424
1531,334301
1532,334155
1533,334426
1534,334446
1535,334089
1536,334412
1537,334175
1538,334428
1539,334121
1540,334329
1541,334222
1542,334228
1543,334391
1544,334199
1545,334431
1546,334435
1547,333602
1548,334432
1549,334334
1550,334359
1551,334201
1552,334364
1553,334373
1554,334411
1555,334309
1556,334444
1557,334403
1558,334175
1559,334410
1560,334425
1561,334428
1562,334395
1563,334391
1564,334203
1565,334343
1566,334383
1567,334411
1568,334408
1569,334358
1570,334111
1571,334432
1572,334472
1573,334445
1574,334347
1575,334010
1576,334011
1577,334353
1578,334157
1579,334393
1580,334434
1581,334279
1582,334171
1583,334049
1584,334100
1585,334222
1586,334337
1587,334194
1588,334183
1589,334162
1590,334388
1591,334436
1592,334205
1593,334491
1594,334305
1595,334127
1596,334250
1597,334363
1598,334284
1599,334378
1600,333829
1601,334364
1602,334370
1603,334494
1604,334150
1605,334154
1606,334169
1607,333858
1608,334333
1609,334389
1610,334151
1611,334502
1612,334335
1613,334468
1614,334413
1615,334252
1616,334398
1617,334436
1618,334349
1619,334299
1620,334272
1621,334059
1622,334292
1623,334332
1624,334330
1625,334402
1626,334532
1627,334338
1628,334335
1629,334356
1630,334422
1631,334449
1632,334274
1633,334496
1634,334126
1635,334416
1636,334417
1637,334489
1638,334467
1639,334301
1640,334289
1641,334456
1642,334371
1643,333997
1644,334385
1645,334319
1646,334150
1647,334563
1648,334252
1649,334510
1650,333919
1651,333997
1652,334433
1653,334528
1654,334074
1655,334387
1656,334146
1657,334506
1658,334233
1659,334374
1660,334336
1661,334359
1662,334478
1663,334355
1664,334476
1665,334499
1666,334154
1667,334309
1668,334274
1669,334090
1670,334211
1671,334182
1672,334370
1673,334136
1674,334488
1675,334449
1676,334164
1677,334441
1678,334438
1679,334394
1680,334469
1681,334375
1682,334336
1683,334411
1684,334385
1685,334195
1686,334100
1687,334301
1688,334347
1689,334254
1690,334218
1691,334314
1692,334406
1693,334459
1694,334183
1695,334433
1696,334054
1697,334484
1698,334110
1699,334283
1700,334359
1701,334314
1702,334357
1703,334332
1704,334307
1705,334095
1706,334186
1707,334492
1708,334439
1709,334015
1710,334475
1711,334150
1712,333980
1713,334314
1714,334489
1715,334007
1716,334155
1717,334441
1718,334296
1719,334370
1720,334234
1721,334421
1722,334062
1723,334101
1724,333818
1725,334441
1726,334460
1727,334336
1728,334135
1729,334444
1730,334250
1731,334396
1732,334097
1733,333267
1734,334226
1735,334178
1736,334434
1737,334431
1738,334265
1739,333857
1740,334251
1741,333506
1742,334288
1743,334334
1744,334334
1745,334383
1746,334471
1747,334273
1748,334457
1749,333792
1750,334380
1751,334185
1752,334420
1753,334167
1754,334171
1755,334362
1756,334376
1757,334454
1758,334432
1759,334402
1760,334447
1761,334229
1762,334351
1763,334320
1764,334209
1765,334414
1766,334482
1767,334250
1768,334406
1769,334442
1770,333770
1771,334217
1772,334551
1773,334457
1774,334113
1775,334455
1776,334336
1777,334162
1778,334231
1779,334417
1780,333289
1781,334360
1782,334280
1783,334320
1784,334375
1785,334256
1786,334421
1787,334136
1788,334455
1789,334018
1790,334356
1791,334287
1792,334404
1793,334202
1794,334493
1795,334003
1796,334426
1797,334381
1798,334383
1799,334457
1800,334341
1801,334508
1802,334075
1803,334113
1804,334412
1805,334123
1806,334436
1807,334457
1808,334455
1809,334262
1810,334330
1811,334203
1812,334135
1813,334326
1814,334183
1815,334343
1816,334395
1817,334312
1818,334466
1819,334446
1820,334335
1821,333885
1822,334428
1823,334405
1824,334414
1825,334387
1826,334404
1827,334443
1828,334249
1829,334038
1830,334200
1831,334140
1832,334304
1833,334415
1834,334310
1835,334240
1836,334376
1837,334400
1838,334521
1839,334414
1840,334498
1841,334434
1842,334256
1843,334490
1844,334430
1845,334269
1846,334475
1847,333981
1848,334371
1849,334185
1850,334427
1851,334365
1852,334324
1853,334146
1854,334229
1855,334431
1856,334334
1857,334430
1858,334420
1859,334417
1860,334468
1861,334204
1862,334410
1863,334479
1864,334455
1865,334468
1866,334483
1867,334329
1868,334430
1869,334516
1870,334399
1871,334403
1872,334422
1873,334352
1874,334251
1875,334384
1876,334288
1877,334432
1878,334343
1879,334500
1880,334452
1881,334087
1882,334408
1883,334147
1884,334346
1885,334183
1886,334310
1887,334485
1888,334473
1889,334349
1890,334563
1891,334267
1892,334397
1893,334181
1894,334225
1895,334311
1896,333829
1897,333772
1898,334444
1899,334433
1900,334348
1901,334400
1902,334346
1903,334439
1904,334243
1905,334100
1906,334407
1907,334132
1908,334217
1909,334476
1910,334185
1911,334441
1912,334140
1913,334214
1914,334211
1915,334286
1916,334459
1917,334407
1918,334383
1919,333916
1920,334101
1921,334059
1922,334372
1923,334391
1924,334403
1925,334356
1926,334120
1927,334371
1928,334398
1929,334202
1930,334533
1931,334488
1932,334149
1933,334385
1934,334215
1935,334165
1936,333969
1937,334112
1938,334455
1939,334387
1940,334422
1941,334395
1942,334442
1943,334437
1944,334093
1945,334486
1946,334117
1947,334137
1948,334112
1949,334387
1950,334316
1951,334128
1952,334401
1953,334231
1954,334507
1955,334115
1956,334098
1957,334203
1958,334213
1959,334105
1960,334385
1961,334272
1962,334457
1963,334093
1964,334155
1965,334500
1966,333537
1967,334145
1968,334204
1969,334354
1970,334483
1971,334463
1972,334433
1973,334264
1974,334549
1975,334396
1976,334378
1977,334147
1978,334254
1979,334501
1980,334436
1981,334221
1982,334397
1983,334598
1984,334357
1985,333890
1986,334108
1987,334146
1988,334168
1989,334218
1990,334350
1991,334492
1992,334431
1993,334030
1994,333966
1995,334492
1996,334210
1997,334345
1998,334337
1999,334470
2000,334392
2001,334174
2002,334439
2003,334453
2004,334323
2005,334438
2006,334041
2007,333387
2008,334490
2009,334056
2010,334327
2011,334223
2012,334118
2013,334390
2014,334147
2015,334439
2016,334322
2017,334337
2018,334390
2019,334085
2020,333639
2021,334372
2022,334434
2023,334437
2024,334280
2025,334102
2026,333625
2027,334401
2028,334284
2029,334091
2030,334111
2031,334228
2032,334231
2033,334146
2034,334187
2035,334418
2036,334481
2037,334105
2038,334245
2039,333993
2040,334428
2041,334216
2042,334267
2043,334481
2044,334381
2045,334308
2046,334272
2047,334140
2048,334281
2049,334414
2050,334102
2051,334115
2052,334377
2053,334280
2054,334331
2055,334490
2056,334242
2057,333285
2058,334371
2059,334103
2060,334469
2061,334192
2062,334498
2063,334165
2064,334475
2065,334403
2066,334493
2067,334428
2068,334292
2069,334203
2070,334332
2071,334241
2072,334494
2073,334369
2074,334494
2075,334437
2076,334219
2077,334349
2078,334454
2079,334436
2080,334110
2081,334364
2082,334215
2083,334279
2084,334382
2085,334488
2086,334480
2087,334415
2088,333996
2089,334405
2090,334472
2091,334486
2092,334499
2093,334367
2094,334382
2095,334534
2096,334499
2097,334377
2098,333283
2099,334339
2100,334207
2101,334372
2102,334418
2103,334366
2104,334428
2105,334330
2106,334236
2107,334178
2108,334328
2109,334180
2110,334341
2111,334072
2112,334276
2113,334501
2114,334363
2115,334460
2116,334537
2117,334435
2118,334169
2119,334184
2120,334207
2121,334435
2122,333781
2123,334363
2124,333987
2125,334406
2126,333746
2127,333952
2128,334351
2129,334168
2130,334488
2131,334432
2132,334197
2133,334444
2134,334491
2135,334427
2136,334077
2137,334206
2138,334491
2139,334382
2140,334265
2141,333973
2142,334526
2143,334162
2144,334154
2145,334219
2146,334170
2147,334157
2148,334409
2149,334239
2150,334414
2151,334321
2152,334143
2153,334184
2154,334383
2155,334382
2156,334353
2157,334335
2158,334249
2159,334277
2160,334494
2161,334268
2162,334152
2163,334515
2164,334388
2165,334314
2166,334170
2167,334187
2168,334207
2169,334261
2170,334385
2171,334289
2172,334163
2173,333961
2174,334099
2175,334234
2176,334454
2177,334269
2178,334441
2179,334107
2180,334340
2181,334370
2182,334198
2183,334445
2184,334466
2185,334097
2186,333764
2187,334147
2188,334395
2189,334343
2190,334364
2191,334411
2192,334525
2193,334160
2194,334396
2195,334412
2196,334174
2197,333380
2198,334435
2199,334502
2200,334123
2201,334520
2202,334105
2203,334501
2204,334447
2205,334082
2206,334497
2207,334323
2208,334201
2209,334427
2210,334300
2211,334124
2212,334422
2213,334424
2214,334369
2215,334048
2216,334270
2217,334247
2218,334467
2219,334357
2220,334364
2221,334180
2222,334454
2223,334386
2224,334229
2225,334450
2226,334468
2227,334296
2228,334379
2229,334112
2230,334423
2231,333606
2232,334128
2233,334472
2234,334245
2235,334279
2236,334074
2237,334322
2238,334266
2239,333975
2240,334482
2241,333319
2242,334336
2243,334440
2244,334219
2245,334123
2246,334509
2247,334410
2248,334410
2249,334369
2250,334406
2251,334345
2252,333280
2253,334304
2254,334099
2255,334355
2256,334439
2257,334411
2258,334326
2259,333775
2260,334113
2261,334355
2262,334419
2263,334319
2264,334192
2265,334515
2266,334382
2267,334151
2268,334213
2269,334452
2270,334362
2271,334453
2272,334011
2273,334419
2274,334350
2275,333850
2276,334391
2277,334425
2278,334237
2279,334368
2280,334391
2281,334312
2282,334214
2283,334185
2284,334438
2285,334154
2286,334495
2287,333963
2288,334069
2289,334390
2290,334432
2291,334319
2292,334464
2293,334331
2294,334521
2295,334388
2296,334413
2297,334448
2298,334415
2299,334200
2300,334348
2301,334181
2302,334199
2303,334422
2304,334404
2305,334507
2306,334156
2307,334199
2308,334146
2309,334410
2310,334518
2311,334171
2312,334221
2313,334282
2314,334482
2315,334396
2316,334404
2317,334575
2318,334484
2319,334444
2320,334261
2321,334457
2322,333783
2323,334363
2324,334420
2325,334301
2326,334460
2327,334399
2328,334325
2329,334026
2330,334421
2331,334236
2332,333960
2333,334186
2334,334425
2335,334475
2336,334249
2337,334350
2338,334518
2339,334372
2340,334479
2341,334320
2342,334380
2343,334245
2344,334170
2345,334281
2346,334412
2347,334485
2348,334445
2349,334521
2350,334313
2351,334448
2352,334395
2353,334399
2354,334413
2355,334216
2356,334413
2357,334124
2358,334316
2359,334364
2360,334414
2361,334472
2362,334347
2363,334098
2364,334041
2365,334176
2366,333945
2367,334423
2368,334278
2369,334101
2370,334139
2371,334146
2372,334188
2373,334517
2374,334523
2375,334390
2376,334453
2377,333451
2378,334418
2379,334264
2380,334414
2381,334419
2382,334408
2383,334250
2384,334119
2385,334196
2386,334487
2387,334075
2388,334380
2389,334161
2390,334125
2391,334222
2392,333880
2393,334340
2394,334207
2395,334479
2396,334196
2397,334124
2398,334403
2399,334110
2400,334330
2401,334065
2402,334364
2403,334291
2404,334329
2405,334319
2406,334382
2407,334240
2408,334095
2409,334041
2410,334408
2411,334149
2412,334423
2413,334416
2414,334362
2415,334324
2416,334127
2417,334219
2418,334177
2419,334331
2420,334351
2421,334295
2422,333953
2423,334396
2424,334455
2425,334133
2426,334476
2427,334129
2428,334197
2429,334482
2430,333351
2431,334495
2432,334117
2433,334441
2434,334482
2435,333924
2436,334395
2437,334452
2438,334465
2439,334448
2440,334132
2441,334455
2442,334174
2443,334148
2444,334108
2445,334361
2446,334413
2447,334417
2448,334193
2449,334495
2450,334498
2451,334174
2452,334188
2453,334363
2454,334141
2455,334182
2456,334425
2457,334340
2458,334491
2459,334440
2460,334387
2461,334444
2462,334389
2463,334460
2464,334159
2465,333788
2466,334081
2467,334244
2468,334285
2469,334082
2470,334203
2471,334277
2472,334318
2473,334516
2474,334356
2475,334457
2476,333929
2477,334206
2478,334331
2479,334332
2480,334355
2481,334441
2482,334350
2483,334510
2484,334417
2485,334593
2486,334452
2487,334376
2488,334174
2489,334451
2490,334431
2491,334208
2492,334450
2493,334053
2494,334454
2495,334462
2496,334404
2497,334282
2498,334377
2499,334459
2500,334365
2501,334391
2502,334313
2503,334044
2504,334504
2505,334484
2506,334451
2507,334414
2508,334179
2509,334179
2510,333605
2511,334489
2512,334062
2513,334189
2514,334201
2515,334170
2516,334450
2517,334319
2518,334134
2519,334110
2520,334264
2521,334340
2522,334320
2523,334407
2524,334496
2525,334163
2526,334358
2527,334485
2528,334144
2529,333949
2530,334531
2531,334366
2532,333950
2533,334471
2534,334486
2535,334141
2536,334325
2537,334412
2538,334299
2539,334428
2540,334505
2541,334044
2542,334324
2543,334322
2544,334326
2545,333424
2546,334449
2547,334457
2548,334454
2549,334429
2550,334469
2551,334076
2552,334290
2553,334314
2554,334437
2555,334394
2556,334351
2557,334460
2558,334426
2559,333942
2560,334320
2561,334336
2562,334518
2563,334487
2564,334320
2565,334284
2566,334357
2567,334298
2568,334341
2569,334112
2570,334404
2571,334520
2572,334467
2573,334423
2574,334387
2575,334363
2576,333422
2577,334479
2578,334340
2579,334114
2580,334458
2581,334250
2582,334158
2583,334531
2584,334351
2585,334078
2586,334416
2587,334494
2588,334396
2589,334212
2590,334242
2591,334467
2592,334136
2593,334424
2594,334315
2595,334244
2596,334427
2597,334489
2598,334418
2599,334322
2600,333738
2601,334487
2602,334240
2603,334409
2604,334181
2605,334342
2606,334109
2607,334417
2608,334156
2609,334385
2610,334404
2611,334070
2612,334479
2613,334362
2614,334207
2615,334355
2616,334417
2617,334467
2618,334389
2619,334307
2620,333977
2621,334518
2622,334492
2623,334146
2624,334453
2625,334492
2626,334111
2627,334413
2628,334160
2629,334124
2630,333293
2631,334384
2632,334120
2633,334432
2634,333993
2635,334437
2636,334375
2637,334200
2638,334058
2639,334425
2640,334108
2641,334397
2642,334457
2643,334261
2644,334062
2645,334409
2646,334433
2647,334056
2648,334237
2649,334387
2650,334089
2651,334457
2652,334135
2653,334188
2654,334088
2655,334342
2656,334452
2657,334288
2658,334515
2659,334303
2660,333949
2661,334348
2662,334385
2663,334114
2664,334336
2665,334457
2666,334377
2667,334400
2668,334429
2669,334188
2670,333843
2671,334335
2672,334210
2673,334254
2674,334057
2675,334213
2676,334369
2677,334482
2678,334407
2679,334149
2680,334378
2681,334315
2682,334492
2683,334198
2684,334364
2685,334183
2686,334193
2687,334352
2688,334338
2689,334368
2690,334432
2691,334414
2692,334216
2693,334536
2694,334368
2695,334365
2696,334120
2697,334275
2698,334295
2699,334133
2700,334197
2701,333842
2702,334424
2703,334369
2704,334112
2705,334305
2706,334306
2707,334203
2708,334137
2709,333973
2710,334382
2711,334445
2712,334318
2713,334062
2714,334067
2715,334361
2716,334431
2717,334280
2718,334494
2719,334138
2720,334199
2721,334206
2722,334182
2723,334333
2724,334155
2725,334355
2726,334448
2727,334434
2728,334396
2729,334346
2730,334463
2731,334037
2732,334092
2733,334423
2734,334161
2735,334447
2736,334382
2737,334401
2738,334255
2739,334497
2740,333330
2741,334348
2742,334064
2743,334475
2744,334400
2745,334318
2746,334262
2747,334216
2748,334420
2749,333985
2750,334311
2751,334323
2752,334553
2753,334190
2754,334103
2755,334229
2756,334426
2757,334193
2758,334336
2759,334495
2760,334118
2761,334435
2762,334214
2763,334498
2764,334523
2765,334439
2766,334037
2767,334500
2768,333924
2769,334124
2770,334338
2771,334428
2772,334390
2773,334248
2774,334125
2775,334192
2776,334292
2777,334262
2778,334115
2779,334448
2780,334530
2781,334454
2782,334430
2783,334413
2784,334251
2785,334387
2786,334335
2787,334095
2788,334481
2789,334507
2790,334499
2791,334313
2792,334340
2793,334212
2794,334258
2795,334106
2796,334330
2797,334266
2798,334467
2799,334488
2800,334418
2801,334162
2802,333777
2803,334130
2804,334184
2805,334180
2806,334152
2807,334038
2808,333269
2809,334327
2810,334139
2811,334431
2812,334176
2813,334394
2814,334301
2815,334309
2816,334384
2817,334126
2818,334465
2819,334314
2820,334392
2821,334108
2822,334556
2823,334477
2824,334461
2825,334316
2826,334351
2827,334378
2828,334421
2829,333982
2830,334263
2831,334225
2832,334145
2833,334184
2834,334371
2835,334428
2836,334094
2837,334195
2838,333771
2839,334487
2840,334316
2841,334148
2842,334523
2843,334420
2844,334279
2845,334452
2846,334223
2847,334227
2848,334355
2849,334197
2850,334383
2851,334214
2852,334344
2853,334328
2854,333840
2855,334536
2856,334192
2857,334317
2858,334442
2859,334087
2860,334170
2861,333903
2862,334443
2863,334164
2864,333307
2865,334124
2866,334412
2867,334398
2868,334409
2869,334059
2870,334467
2871,334372
2872,334194
2873,334248
2874,334404
2875,334360
2876,334229
2877,334264
2878,334479
2879,334349
2880,334434
2881,334184
2882,334480
2883,334479
2884,334125
2885,334129
2886,334369
2887,334119
2888,334509
2889,334027
2890,334390
2891,334465
2892,334047
2893,334471
2894,334231
2895,334196
2896,334093
2897,334156
2898,334075
2899,334447
2900,334419
2901,334433
2902,334296
2903,334169
2904,334329
2905,334329
2906,334422
2907,334130
2908,334454
2909,334163
2910,334445
2911,334132
2912,334449
2913,334353
2914,334351
2915,334503
2916,334046
2917,334368
2918,334163
2919,334471
2920,334408
2921,334283
2922,334352
2923,334518
2924,334244
2925,334378
2926,334494
2927,334206
2928,334428
2929,334335
2930,334188
2931,334023
2932,334113
2933,334240
2934,334356
2935,334394
2936,334472
2937,334383
2938,334434
2939,334272
2940,334326
2941,334432
2942,334445
2943,334188
2944,334162
2945,334374
2946,334230
2947,334350
2948,334508
2949,334412
2950,333805
2951,334531
2952,334392
2953,334023
2954,334491
2955,334278
2956,334298
2957,334237
2958,334364
2959,334214
2960,334092
2961,334470
2962,334071
2963,334092
2964,334210
2965,334425
2966,334331
2967,334456
2968,334317
2969,334094
2970,334341
2971,333986
2972,334441
2973,334404
2974,334095
2975,334107
2976,334463
2977,334425
2978,334415
2979,334411
2980,334165
2981,334032
2982,334142
2983,334279
2984,334264
2985,334283
2986,334440
2987,334397
2988,334533
2989,334481
2990,334371
2991,333932
2992,334289
2993,334077
2994,334379
2995,334428
2996,334134
2997,334087
2998,334185
2999,334423
3000,334321
3001,333929
3002,334159
3003,334238
3004,334044
3005,334161
3006,334419
3007,334337
3008,334203
3009,334450
3010,334084
3011,334354
3012,334042
3013,334348
3014,334166
3015,334312
3016,334296
3017,334350
3018,334330
3019,334196
3020,334388
3021,334464
3022,334470
3023,333336
3024,334297
3025,334135
3026,333906
3027,334511
3028,334360
3029,334295
3030,334178
3031,334462
3032,333853
3033,334369
3034,334211
3035,334414
3036,334437
3037,334331
3038,334130
3039,334212
3040,334312
3041,333976
3042,334144
3043,334358
3044,334286
3045,334497
3046,334431
3047,334187
3048,333845
3049,333377
3050,334207
3051,334328
3052,334302
3053,334391
3054,334281
3055,334320
3056,334159
3057,334589
3058,334097
3059,334516
3060,334300
3061,334386
3062,334490
3063,334468
3064,334201
3065,334359
3066,334064
3067,334361
3068,334079
3069,334351
3070,334359
3071,334216
3072,334454
3073,334193
3074,334426
3075,334368
3076,334136
3077,334258
3078,334337
3079,334419
3080,334316
3081,334128
3082,334176
3083,333978
3084,334045
3085,334398
3086,334481
3087,334392
3088,334238
3089,333928
3090,334496
3091,334404
3092,334115
3093,334315
3094,333953
3095,334112
3096,334142
3097,334197
3098,334415
3099,333367
3100,334523
3101,334177
3102,334153
3103,334458
3104,334190
3105,334048
3106,334370
3107,334374
3108,334332
3109,334195
3110,334345
3111,334435
3112,333893
3113,334309
3114,334056
3115,334336
3116,334111
3117,334148
3118,334410
3119,334542
3120,334329
3121,334455
3122,334102
3123,334063
3124,334279
3125,334240
3126,334253
3127,334429
3128,333999
3129,334396
3130,334217
3131,334386
3132,334475
3133,334358
3134,334163
3135,334353
3136,334350
3137,334350
3138,334382
3139,334355
3140,334450
3141,334182
3142,334407
3143,333810
3144,334325
3145,334490
3146,334311
3147,334459
3148,334543
3149,334106
3150,334312
3151,334502
3152,334398
3153,334397
3154,334424
3155,334435
3156,334481
3157,334509
3158,334402
3159,334548
3160,334466
3161,334464
3162,334363
3163,334355
3164,334222
3165,334259
3166,334250
3167,334411
3168,334377
3169,334332
3170,334411
3171,334402
3172,334373
3173,334408
3174,334329
3175,334383
3176,334277
3177,334199
3178,334122
3179,334423
3180,334218
3181,334251
3182,334319
3183,334366
3184,334334
3185,334289
3186,334274
3187,334214
3188,334410
3189,334022
3190,334452
3191,334455
3192,334473
3193,334245
3194,333517
3195,334504
3196,334369
3197,333325
3198,334144
3199,334270
3200,334285
3201,333374
3202,334359
3203,333765
3204,334484
3205,334496
3206,334235
3207,334432
3208,334259
3209,334468
3210,334198
3211,334191
3212,334162
3213,334130
3214,334346
3215,334379
3216,334478
3217,334295
3218,334287
3219,334477
3220,334385
3221,334098
3222,334234
3223,334434
3224,334444
3225,334395
3226,334235
3227,334369
3228,334441
3229,334483
3230,334263
3231,334156
3232,334425
3233,333912
3234,334320
3235,334106
3236,334374
3237,334395
3238,334350
3239,334417
3240,334427
3241,334142
3242,334502
3243,334197
3244,334427
3245,334183
3246,334356
3247,334229
3248,334161
3249,334333
3250,334544
3251,334205
3252,334407
3253,334373
3254,334461
3255,334374
3256,334128
3257,334416
3258,334099
3259,333854
3260,334457
3261,334194
3262,334478
3263,334229
3264,334446
3265,334424
3266,334188
3267,333992
3268,334482
3269,334166
3270,334179
3271,334186
3272,334476
3273,334110
3274,334456
3275,334419
3276,334378
3277,334440
3278,334117
3279,334317
3280,334398
3281,334047
3282,334247
3283,334032
3284,334326
3285,334140
3286,334286
3287,334421
3288,334291
3289,334124
3290,334280
3291,334303
3292,334326
3293,334413
3294,334250
3295,334557
3296,334216
3297,334308
3298,334328
3299,334466
3300,334205
3301,334392
3302,334085
3303,333955
3304,334422
3305,334283
3306,334472
3307,334523
3308,334134
3309,334478
3310,334422
3311,334127
3312,334326
3313,334373
3314,334435
3315,333332
3316,334186
3317,334410
3318,334229
3319,334203
3320,334443
3321,334407
3322,334282
3323,334385
3324,334421
3325,334405
3326,334406
3327,334375
3328,334551
3329,334107
3330,334402
3331,334439
3332,333649
3333,333965
3334,334191
3335,334490
3336,334451
3337,334460
3338,333968
3339,334536
3340,334309
3341,334365
3342,334066
3343,334457
3344,334189
3345,334434
3346,334296
3347,334246
3348,334458
3349,334418
3350,334504
3351,334327
3352,334419
3353,334459
3354,334299
3355,334039
3356,334267
3357,334382
3358,334094
3359,334322
3360,334189
3361,334386
3362,334180
3363,334390
3364,334470
3365,334521
3366,334158
3367,334067
3368,334370
3369,334198
3370,334272
3371,334208
3372,334436
3373,334141
3374,334514
3375,334122
3376,334456
3377,334308
3378,334457
3379,334155
3380,334416
3381,334228
3382,334295
3383,334336
3384,333626
3385,334312
3386,334036
3387,334167
3388,334293
3389,333523
3390,334310
3391,334449
3392,334506
3393,334230
3394,334532
3395,334407
3396,334443
3397,334476
3398,334471
3399,334356
3400,334453
3401,334406
3402,334340
3403,334401
3404,334383
3405,334499
3406,334354
3407,334315
3408,334339
3409,334438
3410,334259
3411,334462
3412,334324
3413,334217
3414,334007
3415,334429
3416,334239
3417,334258
3418,334307
3419,334364
3420,334129
3421,334265
3422,334190
3423,334504
3424,334470
3425,334435
3426,334208
3427,334056
3428,334190
3429,334451
3430,334154
3431,334500
3432,334099
3433,333400
3434,333898
3435,334085
3436,334376
3437,334377
3438,334319
3439,334513
3440,334163
3441,334251
3442,334261
3443,334377
3444,334415
3445,334459
3446,334291
3447,333619
3448,334448
3449,334302
3450,334293
3451,334364
3452,334397
3453,334127
3454,334465
3455,334215
3456,334514
3457,334251
3458,334246
3459,334391
3460,334473
3461,334386
3462,334239
3463,334406
3464,334129
3465,333833
3466,334403
3467,334438
3468,334365
3469,334312
3470,334330
3471,334245
3472,334441
3473,333260
3474,334172
3475,334417
3476,334143
3477,334067
3478,334187
3479,334330
3480,334276
3481,334393
3482,334336
3483,334258
3484,334366
3485,334056
3486,334498
3487,334196
3488,334381
3489,334283
3490,334498
3491,334458
3492,334025
3493,334121
3494,334360
3495,334445
3496,334396
3497,334378
3498,334280
3499,334537
3500,334442
3501,334403
3502,334072
3503,334402
3504,334392
3505,334317
3506,334480
3507,334393
3508,334444
3509,334390
3510,333813
3511,334283
3512,334490
3513,334369
3514,334177
3515,334366
3516,333937
3517,334396
3518,334150
3519,334353
3520,334393
3521,334461
3522,334355
3523,334514
3524,334363
3525,333897
3526,334333
3527,334616
3528,334361
3529,334208
3530,334475
3531,334239
3532,334427
3533,334163
3534,334319
3535,334372
3536,334378
3537,334505
3538,334078
3539,334397
3540,334334
3541,334368
3542,334256
3543,334323
3544,334367
3545,334348
3546,334186
3547,334399
3548,334418
3549,334518
3550,334442
3551,334473
3552,334436
3553,334306
3554,334336
3555,334160
3556,334358
3557,334355
3558,334360
3559,334171
3560,334479
3561,334431
3562,334142
3563,334071
3564,334206
3565,334148
3566,334519
3567,334119
3568,334342
3569,334273
3570,334362
3571,334305
3572,334306
3573,334419
3574,334199
3575,334304
3576,334157
3577,334468
3578,334342
3579,334402
3580,333818
3581,334228
3582,333940
3583,334384
3584,333891
3585,334548
3586,334335
3587,334437
3588,334352
3589,334566
3590,334513
3591,334186
3592,334277
3593,334409
3594,334177
3595,334354
3596,334191
3597,334378
3598,334380
3599,334158
3600,333590
3601,334427
3602,334418
3603,334523
3604,334373
3605,334456
3606,334437
3607,334463
3608,334290
3609,334273
3610,334248
3611,334236
3612,334201
3613,333963
3614,334111
3615,334422
3616,334326
3617,334438
3618,334352
3619,334514
3620,334223
3621,334432
3622,334451
3623,334438
3624,334522
3625,333912
3626,334472
3627,334168
3628,334403
3629,334284
3630,334381
3631,334107
3632,333322
3633,334313
3634,334472
3635,334256
3636,334006
3637,334462
3638,334165
3639,334295
3640,334214
3641,334334
3642,334200
3643,334153
3644,334383
3645,334438
3646,334163
3647,334250
3648,334360
3649,334471
3650,333980
3651,334202
3652,333973
3653,334487
3654,334082
3655,334245
3656,334423
3657,334441
3658,334554
3659,334462
3660,334098
3661,333780
3662,334290
3663,333747
3664,334373
3665,334415
3666,334453
3667,334200
3668,333756
3669,334329
3670,334475
3671,334401
3672,334442
3673,334112
3674,334186
3675,334437
3676,334101
3677,334391
3678,334156
3679,334450
3680,334091
3681,334400
3682,334150
3683,334271
3684,334495
3685,334069
3686,334462
3687,333998
3688,334443
3689,334331
3690,334449
3691,334484
3692,334482
3693,334443
3694,334366
3695,334352
3696,334204
3697,334413
3698,334268
3699,334361
3700,334435
3701,334359
3702,334354
3703,334161
3704,334226
3705,334344
3706,334411
3707,334387
3708,334411
3709,334328
3710,334137
3711,334438
3712,334406
3713,334401
3714,334343
3715,334415
3716,334357
3717,334425
3718,334391
3719,334277
3720,334346
3721,333955
3722,334238
3723,334356
3724,334163
3725,334501
3726,334474
3727,334271
3728,334380
3729,334249
3730,334400
3731,334419
3732,334443
3733,333999
3734,334280
3735,334431
3736,334169
3737,334467
3738,334163
3739,334427
3740,334191
3741,334463
3742,334149
3743,334513
3744,334434
3745,334192
3746,334285
3747,334329
3748,334351
3749,334336
3750,333888
3751,334386
3752,334217
3753,334615
3754,334320
3755,334093
3756,334377
3757,334292
3758,334325
3759,334484
3760,334340
3761,334536
3762,334440
3763,334048
3764,333708
3765,334434
3766,334257
3767,334477
3768,334476
3769,333451
3770,334425
3771,334400
3772,334267
3773,334474
3774,334079
3775,333846
3776,334286
3777,333326
3778,334172
3779,334153
3780,334303
3781,334387
3782,334457
3783,334459
3784,334294
3785,334127
3786,334484
3787,334213
3788,334452
3789,334351
3790,334356
3791,334077
3792,334356
3793,334104
3794,334395
3795,334384
3796,334424
3797,334410
3798,334473
3799,334558
3800,334016
3801,334477
3802,334475
3803,334423
3804,334480
3805,334044
3806,334038
3807,334404
3808,334386
3809,334405
3810,334097
3811,334229
3812,334268
3813,334101
3814,333417
3815,334438
3816,334347
3817,334234
3818,334444
3819,333854
3820,334340
3821,334122
3822,334457
3823,334474
3824,334332
3825,334460
3826,334330
3827,334446
3828,334465
3829,334367
3830,334228
3831,334339
3832,334460
3833,334218
3834,334148
3835,334206
3836,334268
3837,334390
3838,334258
3839,334410
3840,334164
3841,334469
3842,334197
3843,334199
3844,334157
3845,334061
3846,334361
3847,334278
3848,334431
3849,334326
3850,334286
3851,334177
3852,334124
3853,334507
3854,334203
3855,334481
3856,334091
3857,334300
3858,333706
3859,334160
3860,333344
3861,334351
3862,334154
3863,334501
3864,334321
3865,334191
3866,334397
3867,334393
3868,334038
3869,334429
3870,334226
3871,334407
3872,334441
3873,334303
3874,334545
3875,334469
3876,334398
3877,334270
3878,334361
3879,334403
3880,334149
3881,334489
3882,334300
3883,334130
3884,334409
3885,334140
3886,334084
3887,334407
3888,334273
3889,334088
3890,334459
3891,334249
3892,334371
3893,334395
3894,334487
3895,334420
3896,334352
3897,334421
3898,334281
3899,334099
3900,334403
3901,334528
3902,334308
3903,334146
3904,334403
3905,334154
3906,334317
3907,334483
3908,334367
3909,334412
3910,334439
3911,334186
3912,334365
3913,334472
3914,334383
3915,334458
3916,334427
3917,334095
3918,334474
3919,334341
3920,334393
3921,334410
3922,334183
3923,334462
3924,334214
3925,334455
3926,334342
3927,334481
3928,334435
3929,334397
3930,334490
3931,334172
3932,334271
3933,334173
3934,334221
3935,334440
3936,333967
3937,334194
3938,334373
3939,334164
3940,334241
3941,334257
3942,334095
3943,334329
3944,334429
3945,334365
3946,334466
3947,334416
3948,334411
3949,334306
3950,333947
3951,334115
3952,334464
3953,334182
3954,334433
3955,334526
3956,334330
3957,334178
3958,334408
3959,334416
3960,334113
3961,334331
3962,334391
3963,334194
3964,334342
3965,334194
3966,334113
3967,334243
3968,334319
3969,334336
3970,334227
3971,334470
3972,334352
3973,334325
3974,334416
3975,334117
3976,333292
3977,334295
3978,334482
3979,333841
3980,334462
3981,334375
3982,334347
3983,334195
3984,334086
3985,334397
3986,334387
3987,334334
3988,334164
3989,334129
3990,333919
3991,334402
3992,334076
3993,334449
3994,334517
3995,334401
3996,334333
3997,334541
3998,334337
3999,334519
4000,334360
4001,334209
4002,334383
4003,334264
4004,334129
4005,334482
4006,334499
4007,334420
4008,334410
4009,334253
4010,334457
4011,334349
4012,334385
4013,334416
4014,334384
4015,334417
4016,334383
4017,333961
4018,334458
4019,333834
4020,334250
4021,334363
4022,334269
4023,334489
4024,334445
4025,334185
4026,334445
4027,334215
4028,334396
4029,334628
4030,333296
4031,334433
4032,334129
4033,334386
4034,334417
4035,334134
4036,334448
4037,334189
4038,334319
4039,334155
4040,334341
4041,334209
4042,334199
4043,334505
4044,334122
4045,334483
4046,334364
4047,334217
4048,334243
4049,334065
4050,334289
4051,334256
4052,334460
4053,334280
4054,334158
4055,334258
4056,334272
4057,334262
4058,334188
4059,334314
4060,334165
4061,334467
4062,334521
4063,334111
4064,334337
4065,334317
4066,334425
4067,334428
4068,334457
4069,334458
4070,334070
4071,334246
4072,334213
4073,334480
4074,334271
4075,334439
4076,334242
4077,334366
4078,334359
4079,334118
4080,334227
4081,334406
4082,334298
4083,334521
4084,334292
4085,334126
4086,334248
4087,334066
4088,334327
4089,334147
4090,334423
4091,334458
4092,334187
4093,334153
4094,334477
4095,333675
4096,334346
4097,334141
4098,334439
4099,334337
4100,334096
4101,334278
4102,334381
4103,334116
4104,334204
4105,334171
4106,334102
4107,334451
4108,334128
4109,334185
4110,334219
4111,334104
4112,334158
4113,334412
4114,334260
4115,334200
4116,334363
4117,334293
4118,334450
4119,334228
4120,334400
4121,333577
4122,334193
4123,334374
4124,334226
4125,334430
4126,334437
4127,334350
4128,334137
4129,334404
4130,334251
4131,333976
4132,334096
4133,333711
4134,333371
4135,334366
4136,334340
4137,334408
4138,333915
4139,334407
4140,334530
4141,334508
4142,334400
4143,333941
4144,334408
4145,334184
4146,334520
4147,334341
4148,334396
4149,334334
4150,333799
4151,334465
4152,334437
4153,334078
4154,334355
4155,334156
4156,334180
4157,334469
4158,334298
4159,334118
4160,334348
4161,334425
4162,334474
4163,334404
4164,334461
4165,334401
4166,334463
4167,334430
4168,334508
4169,333382
4170,334116
4171,334401
4172,334391
4173,334440
4174,334211
4175,334156
4176,334451
4177,334390
4178,334370
4179,334138
4180,334468
4181,334386
4182,334492
4183,334298
4184,334424
4185,334390
4186,334100
4187,334438
4188,334414
4189,334446
4190,334200
4191,334399
4192,334066
4193,334248
4194,334489
4195,334385
4196,334202
4197,334464
4198,334033
4199,333985
4200,334349
4201,334462
4202,334159
4203,334475
4204,334303
4205,334345
4206,334479
4207,334186
4208,334424
4209,334284
4210,334401
4211,333925
4212,334468
4213,334146
4214,334296
4215,334450
4216,334268
4217,334219
4218,334433
4219,334133
4220,334139
4221,334411
4222,334283
4223,334410
4224,334166
4225,334398
4226,333914
4227,334404
4228,334275
4229,334374
4230,334352
4231,334456
4232,334472
4233,334379
4234,334387
4235,334304
4236,333842
4237,334442
4238,334259
4239,334446
4240,334282
4241,334418
4242,334368
4243,334148
4244,333692
4245,334246
4246,334289
4247,334218
4248,334337
4249,334242
4250,334291
4251,334443
4252,334410
4253,333678
4254,334359
4255,334455
4256,334208
4257,334289
4258,334410
4259,334032
4260,334384
4261,334435
4262,334201
4263,334152
4264,334247
4265,334432
4266,334280
4267,334447
4268,334467
4269,334158
4270,334497
4271,334266
4272,334480
4273,334496
4274,334391
4275,334480
4276,334434
4277,334324
4278,334399
4279,334403
4280,334302
4281,334354
4282,334463
4283,334271
4284,334179
4285,334360
4286,334480
4287,334475
4288,334171
4289,334266
4290,333835
4291,334312
4292,334518
4293,334377
4294,334271
4295,334422
4296,334228
4297,334343
4298,334522
4299,334384
4300,334305
4301,333964
4302,334147
4303,334150
4304,334150
4305,334322
4306,334383
4307,334365
4308,334345
4309,334272
4310,334368
4311,334125
4312,334378
4313,334487
4314,334441
4315,334394
4316,334394
4317,334322
4318,334254
4319,334070
4320,334292
4321,334259
4322,334358
4323,334455
4324,334355
4325,334420
4326,333953
4327,334450
4328,333820
4329,334103
4330,334481
4331,334459
4332,334161
4333,334420
4334,334118
4335,334299
4336,334269
4337,334373
4338,334160
4339,334160
4340,334310
4341,334180
4342,334503
4343,334145
4344,334503
4345,334467
4346,334274
4347,334354
4348,334060
4349,334390
4350,334092
4351,334411
4352,334299
4353,334491
4354,334329
4355,334223
4356,334321
4357,334250
4358,334108
4359,334208
4360,334437
4361,334127
4362,334368
4363,334258
4364,334123
4365,334418
4366,334494
4367,334351
4368,334257
4369,334107
4370,334431
4371,334348
4372,334059
4373,334349
4374,334368
4375,334425
4376,334453
4377,334438
4378,334247
4379,334288
4380,334407
4381,334469
4382,334347
4383,334211
4384,334218
4385,334400
4386,334244
4387,334378
4388,334245
4389,334420
4390,334282
4391,334542
4392,334073
4393,334066
4394,334472
4395,334307
4396,334168
4397,334145
4398,334147
4399,334325
4400,334536
4401,334345
4402,333696
4403,334543
4404,334258
4405,334413
4406,334405
4407,334344
4408,334425
4409,334160
4410,334247
4411,334030
4412,334477
4413,334372
4414,334397
4415,334005
4416,334275
4417,334286
4418,334454
4419,334409
4420,334444
4421,334413
4422,334351
4423,334155
4424,334496
4425,334180
4426,334465
4427,334476
4428,334540
4429,334212
4430,334341
4431,334307
4432,334386
4433,334379
4434,334231
4435,334362
4436,334482
4437,334472
4438,334416
4439,334163
4440,334195
4441,334329
4442,334226
4443,334134
4444,334509
4445,334257
4446,334472
4447,334175
4448,334356
4449,334427
4450,334210
4451,334390
4452,334366
4453,333407
4454,333945
4455,334410
4456,334183
4457,334452
4458,334189
4459,333938
4460,334493
4461,334066
4462,334152
4463,334520
4464,334258
4465,334498
4466,334272
4467,334496
4468,334128
4469,334127
4470,334609
4471,334368
4472,334295
4473,334156
4474,334456
4475,334446
4476,334262
4477,334281
4478,334385
4479,334524
4480,334305
4481,334390
4482,334148
4483,334340
4484,334133
4485,334106
4486,334499
4487,334175
4488,334206
4489,334524
4490,334237
4491,334107
4492,334363
4493,334476
4494,334481
4495,334089
4496,334241
4497,334246
4498,334371
4499,334380
4500,333953
4501,334178
4502,334157
4503,334338
4504,334414
4505,334429
4506,334490
4507,334102
4508,334376
4509,334369
4510,334278
4511,334278
4512,334345
4513,334425
4514,334452
4515,334481
4516,334136
4517,334163
4518,334392
4519,334405
4520,334428
4521,334295
4522,334167
4523,334214
4524,334227
4525,334532
4526,334218
4527,334146
4528,334392
4529,334423
4530,334140
4531,334471
4532,334382
4533,334212
4534,334380
4535,334525
4536,334370
4537,334213
4538,334189
4539,334533
4540,334402
4541,334116
4542,334535
4543,334417
4544,334450
4545,334120
4546,334405
4547,334380
4548,334341
4549,334296
4550,333398
4551,334329
4552,334338
4553,334386
4554,334176
4555,334420
4556,334199
4557,334202
4558,334495
4559,334468
4560,334416
4561,334338
4562,334523
4563,334531
4564,334123
4565,334442
4566,334355
4567,334038
4568,334454
4569,334370
4570,334103
4571,334433
4572,334124
4573,334317
4574,334374
4575,334048
4576,334099
4577,334145
4578,334374
4579,334422
4580,334294
4581,334274
4582,334398
4583,333761
4584,334479
4585,334266
4586,334454
4587,334065
4588,334196
4589,334013
4590,334309
4591,334083
4592,334309
4593,334281
4594,334136
4595,334119
4596,334202
4597,334371
4598,334373
4599,334215
4600,334386
4601,334122
4602,334360
4603,334352
4604,333857
4605,334160
4606,334465
4607,334385
4608,334244
4609,334282
4610,334446
4611,334313
4612,334081
4613,334152
4614,334182
4615,334200
4616,334413
4617,334395
4618,334461
4619,334468
4620,334510
4621,334182
4622,334414
4623,334449
4624,334311
4625,334381
4626,334447
4627,334376
4628,334433
4629,334325
4630,334499
4631,334266
4632,334093
4633,334347
4634,334291
4635,334235
4636,334439
4637,334396
4638,334177
4639,334366
4640,334182
4641,334364
4642,334216
4643,334362
4644,334479
4645,334507
4646,334271
4647,334231
4648,334480
4649,334375
4650,334112
4651,334225
4652,334321
4653,334482
4654,334144
4655,333908
4656,334173
4657,334191
4658,334312
4659,334137
4660,334394
4661,334319
4662,334170
4663,334165
4664,334261
4665,334412
4666,334124
4667,334253
4668,334471
4669,334329
4670,334406
4671,334464
4672,334431
4673,334321
4674,334202
4675,334242
4676,334413
4677,334434
4678,334165
4679,334390
4680,334273
4681,334372
4682,334566
4683,334403
4684,334397
4685,334534
4686,334266
4687,334413
4688,334054
4689,334454
4690,334375
4691,334162
4692,334208
4693,333419
4694,334451
4695,334098
4696,334467
4697,334215
4698,334437
4699,334160
4700,334439
4701,334438
4702,334422
4703,334471
4704,334095
4705,334265
4706,334243
4707,334489
4708,334350
4709,334246
4710,334234
4711,334189
4712,334216
4713,334446
4714,334362
4715,334360
4716,334276
4717,334366
4718,333983
4719,334449
4720,334510
4721,334140
4722,334313
4723,334222
4724,334346
4725,334161
4726,334484
4727,334373
4728,334189
4729,334370
4730,334148
4731,334125
4732,334434
4733,334233
4734,334409
4735,334112
4736,334244
4737,334310
4738,334098
4739,334343
4740,334287
4741,334325
4742,334225
4743,334418
4744,334339
4745,334472
4746,334464
4747,334385
4748,334293
4749,334506
4750,334457
4751,334396
4752,334347
4753,334214
4754,334334
4755,334425
4756,334208
4757,334365
4758,334375
4759,334490
4760,334468
4761,334333
4762,334426
4763,334516
4764,334384
4765,334421
4766,334416
4767,334230
4768,334432
4769,334398
4770,334328
4771,334477
4772,334329
4773,334548
4774,334482
4775,334206
4776,334037
4777,334366
4778,334221
4779,334461
4780,334380
4781,334317
4782,334218
4783,334117
4784,334122
4785,334508
4786,334253
4787,334395
4788,334164
4789,334199
4790,334186
4791,334211
4792,334198
4793,334397
4794,334378
4795,334322
4796,334336
4797,334185
4798,334495
4799,334375
4800,334155
4801,334314
4802,334218
4803,334484
4804,334498
4805,334324
4806,334408
4807,334320
4808,334454
4809,334260
4810,334404
4811,334358
4812,334146
4813,334427
4814,334064
4815,334444
4816,334263
4817,334395
4818,334160
4819,334133
4820,334283
4821,334478
4822,334156
4823,334391
4824,334381
4825,334142
4826,334500
4827,334453
4828,334463
4829,334428
4830,334184
4831,334178
4832,334221
4833,334118
4834,334442
4835,334483
4836,334356
4837,334249
4838,333889
4839,334497
4840,334378
4841,334168
4842,333993
4843,334162
4844,334544
4845,334072
4846,334502
4847,333448
4848,334228
4849,334238
4850,334349
4851,334282
4852,334160
4853,333342
4854,334408
4855,334296
4856,333886
4857,334147
4858,334134
4859,334142
4860,334136
4861,334517
4862,334363
4863,334413
4864,334445
4865,334394
4866,334123
4867,334376
4868,334310
4869,334489
4870,334369
4871,334256
4872,334229
4873,334147
4874,334097
4875,334170
4876,334371
4877,334330
4878,334418
4879,334460
4880,334444
4881,334501
4882,334455
4883,334008
4884,334188
4885,334166
4886,333797
4887,334480
4888,334407
4889,334302
4890,334279
4891,334436
4892,334450
4893,334121
4894,334374
4895,334478
4896,334441
4897,334360
4898,334353
4899,333355
4900,334242
4901,334474
4902,334464
4903,333838
4904,334104
4905,334444
4906,334360
4907,334141
4908,334202
4909,334367
4910,334448
4911,334178
4912,334376
4913,334275
4914,334021
4915,334387
4916,334335
4917,334099
4918,334159
4919,334305
4920,334292
4921,334429
4922,334459
4923,334182
4924,334337
4925,334467
4926,334471
4927,334125
4928,334188
4929,334482
4930,334397
4931,334479
4932,334481
4933,334433
4934,334199
4935,334127
4936,334175
4937,334379
4938,334389
4939,334469
4940,334491
4941,334257
4942,334327
4943,334534
4944,333961
4945,334127
4946,333518
4947,334314
4948,334380
4949,334281
4950,334333
4951,334369
4952,334163
4953,334178
4954,334212
4955,334179
4956,334493
4957,333323
4958,334391
4959,334115
4960,334371
4961,334375
4962,334291
4963,334433
4964,334460
4965,334403
4966,334446
4967,334442
4968,334062
4969,334388
4970,334344
4971,334258
4972,333798
4973,334290
4974,334448
4975,334218
4976,334385
4977,334159
4978,333655
4979,334112
4980,334444
4981,333760
4982,334499
4983,334490
4984,333951
4985,334164
4986,334290
4987,334136
4988,334435
4989,334184
4990,334382
4991,334170
4992,334424
4993,334231
4994,334372
4995,334307
4996,334206
4997,334080
4998,334416
4999,334365
5000,334093
5001,334421
5002,334493
5003,334502
5004,334441
5005,334268
5006,334197
5007,334066
5008,334090
5009,334336
5010,334434
5011,334187
5012,334425
5013,334188
5014,334140
5015,333963
5016,334254
5017,334149
5018,334243
5019,334362
5020,334382
5021,334142
5022,334518
5023,334358
5024,334374
5025,334372
5026,334520
5027,334462
5028,334529
5029,334123
5030,334390
5031,334511
5032,334183
5033,334118
5034,334523
5035,334445
5036,334414
5037,334035
5038,334384
5039,334534
5040,334076
5041,334299
5042,334256
5043,334452
5044,334355
5045,334396
5046,334171
5047,334426
5048,334297
5049,334232
5050,334093
5051,334313
5052,334338
5053,334312
5054,334535
5055,334335
5056,334428
5057,334193
5058,334201
5059,334410
5060,334421
5061,334143
5062,334229
5063,334252
5064,334420
5065,334427
5066,334319
5067,334363
5068,334304
5069,334556
5070,334403
5071,334080
5072,334428
5073,334514
5074,334054
5075,334511
5076,334268
5077,334561
5078,334401
5079,334472
5080,334370
5081,334198
5082,334393
5083,334062
5084,334314
5085,334393
5086,334446
5087,334443
5088,334096
5089,334213
5090,334525
5091,334508
5092,334286
5093,334425
5094,334507
5095,334207
5096,334360
5097,334428
5098,334336
5099,334532
5100,334261
5101,334349
5102,334424
5103,334122
5104,334447
5105,334070
5106,334166
5107,334307
5108,334398
5109,334337
5110,334114
5111,334315
5112,334397
5113,334013
5114,334215
5115,334334
5116,334325
5117,334323
5118,334326
5119,333671
5120,334254
5121,333892
5122,334567
5123,334248
5124,334296
5125,334254
5126,334322
5127,334449
5128,334526
5129,334165
5130,334354
5131,334416
5132,334297
5133,334133
5134,334403
5135,334476
5136,334218
5137,334281
5138,334431
5139,334518
5140,334459
5141,334405
5142,334147
5143,334380
5144,334407
5145,334488
5146,334162
5147,334479
5148,334506
5149,334284
5150,334376
5151,334196
5152,334497
5153,334446
5154,334550
5155,334252
5156,334078
5157,334518
5158,334439
5159,334215
5160,334353
5161,334404
5162,334218
5163,333760
5164,334323
5165,334091
5166,334442
5167,334449
5168,334390
5169,334458
5170,334080
5171,334455
5172,334329
5173,334312
5174,334466
5175,334241
5176,334321
5177,334297
5178,334005
5179,333311
5180,334483
5181,334527
5182,334556
5183,334488
5184,334535
5185,334380
5186,334280
5187,334181
5188,334064
5189,334516
5190,334373
5191,334467
5192,334244
5193,334093
5194,334458
5195,334290
5196,334459
5197,333811
5198,334188
5199,334443
5200,333754
5201,334271
5202,334024
5203,334141
5204,334350
5205,334149
5206,334145
5207,334460
5208,334490
5209,334477
5210,333595
5211,334495
5212,334483
5213,334398
5214,334047
5215,334520
5216,334272
5217,334148
5218,334212
5219,334470
5220,334078
5221,334119
5222,334080
5223,334537
5224,334153
5225,334485
5226,334557
5227,334465
5228,334156
5229,334217
5230,334402
5231,334203
5232,334135
5233,334351
5234,334450
5235,334125
5236,334418
5237,334439
5238,334440
5239,334112
5240,334317
5241,334158
5242,334411
5243,334292
5244,334326
5245,334460
5246,334448
5247,334156
5248,334424
5249,334507
5250,334354
5251,334391
5252,334367
5253,333940
5254,334491
5255,334160
5256,334122
5257,334351
5258,334417
5259,334415
5260,334423
5261,334443
5262,334103
5263,334419
5264,334510
5265,334355
5266,334458
5267,334445
5268,334180
5269,334381
5270,333924
5271,334382
5272,334379
5273,334455
5274,334216
5275,334389
5276,334412
5277,334237
5278,334194
5279,334145
5280,334151
5281,334144
5282,334426
5283,334254
5284,333929
5285,334289
5286,334138
5287,334391
5288,334150
5289,334254
5290,334418
5291,334291
5292,334131
5293,334538
5294,334442
5295,334213
5296,334145
5297,334407
5298,334451
5299,334336
5300,334463
5301,334104
5302,334314
5303,334466
5304,334300
5305,334233
5306,334338
5307,334427
5308,334335
5309,334498
5310,334407
5311,333551
5312,334473
5313,334189
5314,334117
5315,334316
5316,334280
5317,334091
5318,334527
5319,334506
5320,334381
5321,334511
5322,334428
5323,334426
5324,334365
5325,333802
5326,334263
5327,334333
5328,334126
5329,334340
5330,334032
5331,334314
5332,334379
5333,334425
5334,334171
5335,334263
5336,334379
5337,334450
5338,334456
5339,334436
5340,334157
5341,334316
5342,334087
5343,334207
5344,333936
5345,334111
5346,334144
5347,334245
5348,334358
5349,334447
5350,334426
5351,334239
5352,334300
5353,334495
5354,334064
5355,334284
5356,334383
5357,334497
5358,334495
5359,334339
5360,334488
5361,334364
5362,334436
5363,334476
5364,334283
5365,334414
5366,334243
5367,333463
5368,334340
5369,334365
5370,334082
5371,334193
5372,334189
5373,334486
5374,334495
5375,334244
5376,334325
5377,334256
5378,334206
5379,334342
5380,334124
5381,334410
5382,334280
5383,334306
5384,334430
5385,334362
5386,334367
5387,334379
5388,334292
5389,334371
5390,334200
5391,334407
5392,334317
5393,334060
5394,334222
5395,334330
5396,334417
5397,334332
5398,334261
5399,334433
5400,334398
5401,334439
5402,334216
5403,334349
5404,334095
5405,334507
5406,334487
5407,334437
5408,334368
5409,334551
5410,334083
5411,334427
5412,334189
5413,334508
5414,334048
5415,334361
5416,334030
5417,333969
5418,334232
5419,334438
5420,333955
5421,334384
5422,334438
5423,334480
5424,334364
5425,334316
5426,334436
5427,334399
5428,334331
5429,334320
5430,334377
5431,334415
5432,334333
5433,334478
5434,334475
5435,334519
5436,334387
5437,333948
5438,334202
5439,334409
5440,334343
5441,334428
5442,334288
5443,334438
5444,334493
5445,334060
5446,334500
5447,334397
5448,334473
5449,334406
5450,334172
5451,334008
5452,334300
5453,334227
5454,334356
5455,334149
5456,334380
5457,334274
5458,333415
5459,334316
5460,334489
5461,334415
5462,334241
5463,334209
5464,334354
5465,334364
5466,334222
5467,334060
5468,333866
5469,334390
5470,334350
5471,334366
5472,334452
5473,334453
5474,334383
5475,334186
5476,334441
5477,334433
5478,334247
5479,334404
5480,333868
5481,334363
5482,333246
5483,334187
5484,334335
5485,334090
5486,334427
5487,334259
5488,334451
5489,334499
5490,334424
5491,334466
5492,334313
5493,334282
5494,334322
5495,334346
5496,334269
5497,334490
5498,334194
5499,334036
5500,334131
5501,334435
5502,334350
5503,334106
5504,334297
5505,334202
5506,334231
5507,334460
5508,334174
5509,334367
5510,334130
5511,334475
5512,334413
5513,334397
5514,334108
5515,334286
5516,334115
5517,334435
5518,334459
5519,334170
5520,334197
5521,334512
5522,334496
5523,334203
5524,334387
5525,334196
5526,334441
5527,334315
5528,334466
5529,334501
5530,334466
5531,334412
5532,334295
5533,334329
5534,334157
5535,334416
5536,334184
5537,334444
5538,334404
5539,334213
5540,334314
5541,334509
5542,334379
5543,334420
5544,334454
5545,334347
5546,334473
5547,334292
5548,334357
5549,334224
5550,334241
5551,334484
5552,334149
5553,333969
5554,334362
5555,334530
5556,334435
5557,334357
5558,334291
5559,334543
5560,334150
5561,334338
5562,333665
5563,334493
5564,334359
5565,334315
5566,334461
5567,334126
5568,334340
5569,334290
5570,334345
5571,334427
5572,334491
5573,334504
5574,334349
5575,334456
5576,334438
5577,334433
5578,334313
5579,334173
5580,334237
5581,334542
5582,334098
5583,334504
5584,334460
5585,333917
5586,334135
5587,334225
5588,334437
5589,334455
5590,334189
5591,334173
5592,334382
5593,334161
5594,334153
5595,334433
5596,334230
5597,334521
5598,334260
5599,334404
5600,334099
5601,334261
5602,334274
5603,334396
5604,334349
5605,334386
5606,334462
5607,334417
5608,334170
5609,334301
5610,334341
5611,334104
5612,333324
5613,334381
5614,334471
5615,334345
5616,334387
5617,334458
5618,334455
5619,334446
5620,334301
5621,333536
5622,334333
5623,334360
5624,334208
5625,334365
5626,334490
5627,334177
5628,334493
5629,334104
5630,334274
5631,334473
5632,334408
5633,334437
5634,334363
5635,334141
5636,334333
5637,334117
5638,334383
5639,334472
5640,334417
5641,334283
5642,334128
5643,333427
5644,334313
5645,334364
5646,334430
5647,334354
5648,334366
5649,334512
5650,334404
5651,334495
5652,334158
5653,334473
5654,334485
5655,334240
5656,334459
5657,334149
5658,334411
5659,334167
5660,334363
5661,334334
5662,334366
5663,334417
5664,334420
5665,334099
5666,334416
5667,334083
5668,334476
5669,334420
5670,334223
5671,334232
5672,334461
5673,334349
5674,334072
5675,334386
5676,334082
5677,334263
5678,334139
5679,334374
5680,334462
5681,334392
5682,334442
5683,334451
5684,334552
5685,334451
5686,334251
5687,334147
5688,334321
5689,334469
5690,334215
5691,334361
5692,334422
5693,334404
5694,334313
5695,334472
5696,334261
5697,334407
5698,334461
5699,334111
5700,334050
5701,334054
5702,334231
5703,334541
5704,334165
5705,334340
5706,334197
5707,333359
5708,334320
5709,334249
5710,334318
5711,334345
5712,334420
5713,334258
5714,334498
5715,334124
5716,334386
5717,334440
5718,334283
5719,334281
5720,334106
5721,334380
5722,334211
5723,334269
5724,334464
5725,334388
5726,334497
5727,334409
5728,334019
5729,334381
5730,334171
5731,334464
5732,334492
5733,334190
5734,334428
5735,334103
5736,334485
5737,334483
5738,334462
5739,334354
5740,334410
5741,334470
5742,334320
5743,334142
5744,334465
5745,334244
5746,334283
5747,334141
5748,334498
5749,334118
5750,334137
5751,334379
5752,334454
5753,334454
5754,334066
5755,334346
5756,334182
5757,334173
5758,334261
5759,333284
5760,334553
5761,334388
5762,334418
5763,334238
5764,334281
5765,334171
5766,334165
5767,334352
5768,334399
5769,334069
5770,334351
5771,334195
5772,334453
5773,334425
5774,334413
5775,334256
5776,334079
5777,334190
5778,334502
5779,334458
5780,334203
5781,334377
5782,334447
5783,334172
5784,334217
5785,334405
5786,334514
5787,334468
5788,334433
5789,334034
5790,334145
5791,334234
5792,334367
5793,334170
5794,334424
5795,334289
5796,334319
5797,333966
5798,334474
5799,334300
5800,334096
5801,334113
5802,334397
5803,334447
5804,334425
5805,333803
5806,334402
5807,334479
5808,334168
5809,334465
5810,334132
5811,334458
5812,334484
5813,334433
5814,334148
5815,334437
5816,334447
5817,334367
5818,334423
5819,334039
5820,334422
5821,334360
5822,334350
5823,334461
5824,334437
5825,334417
5826,334055
5827,333996
5828,334349
5829,334485
5830,333796
5831,334398
5832,334271
5833,334423
5834,334433
5835,334188
5836,334258
5837,333950
5838,334211
5839,334433
5840,334425
5841,334499
5842,334271
5843,334295
5844,334339
5845,334247
5846,334386
5847,334425
5848,333856
5849,334410
5850,334268
5851,334492
5852,334429
5853,334234
5854,334139
5855,334137
5856,334330
5857,334013
5858,334296
5859,334266
5860,334447
5861,334123
5862,334172
5863,334358
5864,334348
5865,334263
5866,334318
5867,334128
5868,334461
5869,334271
5870,334485
5871,334380
5872,334243
5873,334218
5874,334351
5875,334362
5876,334455
5877,334391
5878,334342
5879,334252
5880,334110
5881,334495
5882,334258
5883,334113
5884,334025
5885,334068
5886,334172
5887,334164
5888,334438
5889,334414
5890,334387
5891,334362
5892,334012
5893,334380
5894,334215
5895,334050
5896,334434
5897,334322
5898,334394
5899,334339
5900,334178
5901,334422
5902,334342
5903,334501
5904,334509
5905,334538
5906,334457
5907,334233
5908,334395
5909,334216
5910,334196
5911,334495
5912,334396
5913,334339
5914,334461
5915,334405
5916,334116
5917,334362
5918,334434
5919,334433
5920,334150
5921,334456
5922,334107
5923,334067
5924,334413
5925,334133
5926,334457
5927,334483
5928,334084
5929,334202
5930,334243
5931,334385
5932,334482
5933,334136
5934,334133
5935,334280
5936,334353
5937,333855
5938,334404
5939,334042
5940,334352
5941,334204
5942,334198
5943,334312
5944,334320
5945,334195
5946,334354
5947,334223
5948,334226
5949,334365
5950,334415
5951,334297
5952,334128
5953,334166
5954,334094
5955,334355
5956,334482
5957,334440
5958,334439
5959,334389
5960,334429
5961,334227
5962,334462
5963,334441
5964,334424
5965,334397
5966,334441
5967,334311
5968,334325
5969,334199
5970,334463
5971,334385
5972,334491
5973,334259
5974,334387
5975,334115
5976,334339
5977,334261
5978,334114
5979,334231
5980,334445
5981,334290
5982,334366
5983,334499
5984,334224
5985,333655
5986,334309
5987,334187
5988,334409
5989,334195
5990,334389
5991,334434
5992,334305
5993,334244
5994,334470
5995,334286
5996,334382
5997,334227
5998,334345
5999,334156
6000,334373
6001,334270
6002,334418
6003,334480
6004,334427
6005,334327
6006,334245
6007,334113
6008,334199
6009,334346
6010,334504
6011,334477
6012,334346
6013,334244
6014,334396
6015,334147
6016,334373
6017,334160
6018,334095
6019,334459
6020,334305
6021,334395
6022,334175
6023,334226
6024,334485
6025,334107
6026,334425
6027,334489
6028,334162
6029,334327
6030,334469
6031,334226
6032,334357
6033,334444
6034,334333
6035,334400
6036,334252
6037,334262
6038,334431
6039,334437
6040,334393
6041,334508
6042,334406
6043,334215
6044,334201
6045,334448
6046,334362
6047,334513
6048,334130
6049,333969
6050,334434
6051,334451
6052,334454
6053,334048
6054,334071
6055,334192
6056,334179
6057,334408
6058,334352
6059,334460
6060,334453
6061,334425
6062,334128
6063,334209
6064,334024
6065,334439
6066,334515
6067,334387
6068,334284
6069,334331
6070,334397
6071,334316
6072,333393
6073,334459
6074,334362
6075,334115
6076,334476
6077,334121
6078,334385
6079,334233
6080,334477
6081,334365
6082,334459
6083,334509
6084,334519
6085,334168
6086,334434
6087,334187
6088,333844
6089,334392
6090,334134
6091,334467
6092,333736
6093,334542
6094,334448
6095,334388
6096,334356
6097,333982
6098,334235
6099,334425
6100,334492
6101,334142
6102,334274
6103,334203
6104,334002
6105,334533
6106,334057
6107,334461
6108,334011
6109,334207
6110,334179
6111,334165
6112,334473
6113,334495
6114,334062
6115,334274
6116,334117
6117,334371
6118,334490
6119,334112
6120,334218
6121,334441
6122,334209
6123,334427
6124,334504
6125,334410
6126,333811
6127,334131
6128,334017
6129,334290
6130,334278
6131,334416
6132,334300
6133,334485
6134,334401
6135,334250
6136,334363
6137,334216
6138,334103
6139,334170
6140,334316
6141,334499
6142,334248
6143,334460
6144,334456
6145,333983
6146,334331
6147,334229
6148,334378
6149,334400
6150,334125
6151,334055
6152,334385
6153,334481
6154,334376
6155,334496
6156,334162
6157,333356
6158,334510
6159,334341
6160,334356
6161,334305
6162,334518
6163,334343
6164,334394
6165,334522
6166,334341
6167,334152
6168,334025
6169,334168
6170,334080
6171,334417
6172,334345
6173,334304
6174,334462
6175,334369
6176,334406
6177,334282
6178,334125
6179,334158
6180,334263
6181,334255
6182,334465
6183,334410
6184,334240
6185,334372
6186,334151
6187,334113
6188,334072
6189,334348
6190,334082
6191,334327
6192,334526
6193,334192
6194,334147
6195,334438
6196,334473
6197,333557
6198,334510
6199,334523
6200,334339
6201,334518
6202,333352
6203,334332
6204,333508
6205,334438
6206,334533
6207,334315
6208,334203
6209,334144
6210,334457
6211,333373
6212,334340
6213,334428
6214,334321
6215,334282
6216,334284
6217,334461
6218,334466
6219,334187
6220,334190
6221,334371
6222,334242
6223,334323
6224,334453
6225,334488
6226,334367
6227,334420
6228,334344
6229,334298
6230,334146
6231,334347
6232,334363
6233,334138
6234,334323
6235,334463
6236,334387
6237,334234
6238,334325
6239,334481
6240,334152
6241,334475
6242,334206
6243,334412
6244,333867
6245,334448
6246,334396
6247,334477
6248,334490
6249,334260
6250,334392
6251,334192
6252,334280
6253,334066
6254,334402
6255,334295
6256,334199
6257,334458
6258,334359
6259,334271
6260,334397
6261,334017
6262,334057
6263,334379
6264,334474
6265,334232
6266,334091
6267,333629
6268,334268
6269,334140
6270,334279
6271,334482
6272,334441
6273,334381
6274,334375
6275,334349
6276,334320
6277,334382
6278,334219
6279,334247
6280,334317
6281,334354
6282,334273
6283,334282
6284,334166
6285,334461
6286,334209
6287,334366
6288,334441
6289,334403
6290,334313
6291,334281
6292,334372
6293,334343
6294,334344
6295,334027
6296,334106
6297,334453
6298,334343
6299,334028
6300,334359
6301,334225
6302,334399
6303,334488
6304,334423
6305,334326
6306,334313
6307,334181
6308,334070
6309,334386
6310,334488
6311,334264
6312,333879
6313,334092
6314,334362
6315,334531
6316,334267
6317,334307
6318,334430
6319,334323
6320,334402
6321,334394
6322,334408
6323,334337
6324,334423
6325,334172
6326,334401
6327,334512
6328,334506
6329,334465
6330,334224
6331,334474
6332,334475
6333,334320
6334,334504
6335,334342
6336,334367
6337,334225
6338,334477
6339,334440
6340,334286
6341,334502
6342,334332
6343,334501
6344,334179
6345,334330
6346,334416
6347,334380
6348,334258
6349,334084
6350,334488
6351,333810
6352,333816
6353,334202
6354,334114
6355,334029
6356,334173
6357,334302
6358,333342
6359,334440
6360,334329
6361,334419
6362,334103
6363,334379
6364,333329
6365,334497
6366,333368
6367,334196
6368,334065
6369,334241
6370,334358
6371,334538
6372,333796
6373,334339
6374,334071
6375,334169
6376,334203
6377,334143
6378,334114
6379,334493
6380,334373
6381,334387
6382,334488
6383,334338
6384,334427
6385,334394
6386,334383
6387,334076
6388,334332
6389,334358
6390,334133
6391,334173
6392,334425
6393,333935
6394,334406
6395,334493
6396,334297
6397,334268
6398,334145
6399,334365
6400,334278
6401,334184
6402,334457
6403,334463
6404,334202
6405,334357
6406,334433
6407,334393
6408,334018
6409,334458
6410,334135
6411,334404
6412,334381
6413,334477
6414,334456
6415,334492
6416,334180
6417,334369
6418,334378
6419,334199
6420,334359
6421,334334
6422,334299
6423,334333
6424,333336
6425,334429
6426,334527
6427,334267
6428,334466
6429,334253
6430,334072
6431,334040
6432,334480
6433,334362
6434,334272
6435,334337
6436,334361
6437,334451
6438,334343
6439,333937
6440,334314
6441,334386
6442,334214
6443,334483
6444,334301
6445,334379
6446,334494
6447,334441
6448,334367
6449,334138
6450,334208
6451,334382
6452,334153
6453,334442
6454,334473
6455,334391
6456,334318
6457,333679
6458,334414
6459,334198
6460,334222
6461,334282
6462,333347
6463,334202
6464,334292
6465,334183
6466,334196
6467,334419
6468,334436
6469,334357
6470,334435
6471,334291
6472,334295
6473,334349
6474,334297
6475,334266
6476,334211
6477,334233
6478,334508
6479,334331
6480,334131
6481,334120
6482,334410
6483,334162
6484,334537
6485,333805
6486,334434
6487,334420
6488,334425
6489,334322
6490,334184
6491,334104
6492,334136
6493,334369
6494,334455
6495,334136
6496,334125
6497,334129
6498,334463
6499,334154
6500,334230
6501,334415
6502,334288
6503,334026
6504,334407
6505,334395
6506,334115
6507,334190
6508,334366
6509,334381
6510,334316
6511,334368
6512,334468
6513,334517
6514,334312
6515,334252
6516,334128
6517,334387
6518,334291
6519,334330
6520,334366
6521,334326
6522,334408
6523,334149
6524,334403
6525,334284
6526,333934
6527,334454
6528,334438
6529,334441
6530,334182
6531,334228
6532,334202
6533,334418
6534,334083
6535,334542
6536,334442
6537,334213
6538,334264
6539,334197
6540,333590
6541,333953
6542,334284
6543,334173
6544,334346
6545,334345
6546,334260
6547,334238
6548,334355
6549,334358
6550,334469
6551,334418
6552,334423
6553,334383
6554,334133
6555,334512
6556,334399
6557,334263
6558,334279
6559,334478
6560,334290
6561,334431
6562,334302
6563,334327
6564,334302
6565,334410
6566,334185
6567,334360
6568,334092
6569,334354
6570,334462
6571,334509
6572,334070
6573,334238
6574,334260
6575,333769
6576,334494
6577,334381
6578,334497
6579,334379
6580,334391
6581,333873
6582,334165
6583,334422
6584,334474
6585,334451
6586,334241
6587,334477
6588,334181
6589,334212
6590,334234
6591,334435
6592,334307
6593,334226
6594,334483
6595,334397
6596,333936
6597,334270
6598,334218
6599,334300
6600,334476
6601,334390
6602,334195
6603,334389
6604,334187
6605,334397
6606,334212
6607,334332
6608,334043
6609,334323
6610,334170
6611,334330
6612,334386
6613,334402
6614,334032
6615,334272
6616,333331
6617,334423
6618,334470
6619,334426
6620,334422
6621,334490
6622,334347
6623,334358
6624,334289
6625,334378
6626,334185
6627,334447
6628,334438
6629,334448
6630,334284
6631,334264
6632,334304
6633,334393
6634,334404
6635,334447
6636,334468
6637,334364
6638,334450
6639,334452
6640,334293
6641,334504
6642,334475
6643,334187
6644,334406
6645,334454
6646,334176
6647,334170
6648,334363
6649,334404
6650,334224
6651,334358
6652,334457
6653,334381
6654,333848
6655,334447
6656,334225
6657,333993
6658,334409
6659,334449
6660,334424
6661,334004
6662,334243
6663,334070
6664,334177
6665,334347
6666,334310
6667,334233
6668,334317
6669,333970
6670,334252
6671,334168
6672,334402
6673,334237
6674,334214
6675,334486
6676,334296
6677,334461
6678,334413
6679,334389
6680,334282
6681,334446
6682,334466
6683,334371
6684,334357
6685,334306
6686,334342
6687,334377
6688,333915
6689,334278
6690,334300
6691,334237
6692,334456
6693,334276
6694,334274
6695,334353
6696,334501
6697,334393
6698,334302
6699,333983
6700,334119
6701,334373
6702,334288
6703,334191
6704,334128
6705,334178
6706,334381
6707,334414
6708,334372
6709,334249
6710,334014
6711,334437
6712,334333
6713,334241
6714,334391
6715,334359
6716,334132
6717,334201
6718,334318
6719,334171
6720,334109
6721,334361
6722,334350
6723,334467
6724,334293
6725,334453
6726,334387
6727,334226
6728,334293
6729,334361
6730,334120
6731,334435
6732,334269
6733,334348
6734,334333
6735,334041
6736,334280
6737,334461
6738,334110
6739,334191
6740,334462
6741,334450
6742,334052
6743,333391
6744,334070
6745,334302
6746,334482
6747,334217
6748,334367
6749,334426
6750,334518
6751,334445
6752,334480
6753,334442
6754,334433
6755,334272
6756,334466
6757,334350
6758,333776
6759,334490
6760,334314
6761,334297
6762,334442
6763,334247
6764,334070
6765,334459
6766,334369
6767,334361
6768,334380
6769,334529
6770,334234
6771,334132
6772,334383
6773,334228
6774,334448
6775,334423
6776,334141
6777,334182
6778,334435
6779,334392
6780,334375
6781,334049
6782,334423
6783,334353
6784,334184
6785,334419
6786,333993
6787,334443
6788,334458
6789,334395
6790,334227
6791,334398
6792,334347
6793,334405
6794,334308
6795,334088
6796,334429
6797,334135
6798,334222
6799,334309
6800,334318
6801,334458
6802,334294
6803,334440
6804,334442
6805,334065
6806,334202
6807,334504
6808,334445
6809,334282
6810,333817
6811,334551
6812,334387
6813,334202
6814,334311
6815,334091
6816,334545
6817,334362
6818,334205
6819,333340
6820,334494
6821,334565
6822,334197
6823,334220
6824,334230
6825,334357
6826,334316
6827,334504
6828,334457
6829,334410
6830,334142
6831,334221
6832,334448
6833,334302
6834,333964
6835,334205
6836,334192
6837,334104
6838,334389
6839,334085
6840,334487
6841,334393
6842,334145
6843,334481
6844,334132
6845,334227
6846,334310
6847,334455
6848,334109
6849,334400
6850,333999
6851,334144
6852,334308
6853,334155
6854,334194
6855,333770
6856,334445
6857,334410
6858,334506
6859,334458
6860,334248
6861,334471
6862,334375
6863,333999
6864,334425
6865,334324
6866,334502
6867,334260
6868,334523
6869,334433
6870,334038
6871,334448
6872,334389
6873,334529
6874,334394
6875,334311
6876,334363
6877,334448
6878,334307
6879,334333
6880,334322
6881,334255
6882,334339
6883,334367
6884,333292
6885,334502
6886,334458
6887,334499
6888,334401
6889,334089
6890,334252
6891,334340
6892,334426
6893,334415
6894,334343
6895,334127
6896,334386
6897,333906
6898,334270
6899,334344
6900,334090
6901,334171
6902,334458
6903,334518
6904,334370
6905,334294
6906,334036
6907,334444
6908,334574
6909,334460
6910,333806
6911,334302
6912,334421
6913,334193
6914,334470
6915,333739
6916,334169
6917,334302
6918,334338
6919,334253
6920,334059
6921,334412
6922,334482
6923,334384
6924,334404
6925,334424
6926,334178
6927,334459
6928,334210
6929,334375
6930,334374
6931,334445
6932,334428
6933,334149
6934,334235
6935,334351
6936,334524
6937,334479
6938,334286
6939,334477
6940,333858
6941,334382
6942,334480
6943,334363
6944,334445
6945,334350
6946,334214
6947,334354
6948,334195
6949,334331
6950,334468
6951,334370
6952,334451
6953,334511
6954,334102
6955,334348
6956,334068
6957,334277
6958,334287
6959,334311
6960,334302
6961,334203
6962,334352
6963,334307
6964,334511
6965,334198
6966,334253
6967,334445
6968,334443
6969,334167
6970,334440
6971,334394
6972,334095
6973,334283
6974,334357
6975,334242
6976,334129
6977,334407
6978,333966
6979,334156
6980,334494
6981,334387
6982,334365
6983,334463
6984,334005
6985,334086
6986,334488
6987,334183
6988,334210
6989,334378
6990,334142
6991,334306
6992,334551
6993,334227
6994,334119
6995,334253
6996,333972
6997,334424
6998,334327
6999,334475
7000,334425
7001,334391
7002,334362
7003,334121
7004,334345
7005,334480
7006,334448
7007,334387
7008,334251
7009,334386
7010,334135
7011,334345
7012,334364
7013,334203
7014,334275
7015,334393
7016,334411
7017,334240
7018,334224
7019,334452
7020,334411
7021,334192
7022,334327
7023,334447
7024,334427
7025,334319
7026,334130
7027,334433
7028,334151
7029,334346
7030,334271
7031,334245
7032,333341
7033,334113
7034,334333
7035,334193
7036,334115
7037,334130
7038,334047
7039,334480
7040,334213
7041,334414
7042,334176
7043,334393
7044,334243
7045,334092
7046,334214
7047,334284
7048,334481
7049,333794
7050,334302
7051,334464
7052,334271
7053,334391
7054,334103
7055,334496
7056,334297
7057,334136
7058,334191
7059,334399
7060,334194
7061,334305
7062,334362
7063,334434
7064,334475
7065,334445
7066,334295
7067,334455
7068,334230
7069,334292
7070,334221
7071,334435
7072,334032
7073,334451
7074,334144
7075,334424
7076,334389
7077,334136
7078,334358
7079,334057
7080,334513
7081,334017
7082,334174
7083,334185
7084,334311
7085,334327
7086,334423
7087,334467
7088,334322
7089,334307
7090,334335
7091,334145
7092,334204
7093,334279
7094,334399
7095,334084
7096,334491
7097,333316
7098,334310
7099,334360
7100,334489
7101,334155
7102,334345
7103,334113
7104,334433
7105,334265
7106,334192
7107,334421
7108,334319
7109,334055
7110,334419
7111,334288
7112,334133
7113,334508
7114,334366
7115,334538
7116,334210
7117,334308
7118,334369
7119,334209
7120,334482
7121,334059
7122,334455
7123,334104
7124,334256
7125,334373
7126,334227
7127,334427
7128,334147
7129,334274
7130,334172
7131,334395
7132,334426
7133,334353
7134,334332
7135,334427
7136,334472
7137,334456
7138,334436
7139,334343
7140,334542
7141,334418
7142,334315
7143,334510
7144,334444
7145,334313
7146,334442
7147,334443
7148,333882
7149,334456
7150,334418
7151,334302
7152,334360
7153,334359
7154,334189
7155,334196
7156,334431
7157,334278
7158,334357
7159,334281
7160,334461
7161,334186
7162,334388
7163,334154
7164,334524
7165,334525
7166,334406
7167,334375
7168,334252
7169,334293
7170,334529
7171,334115
