Threshold,Accuracy,Precision,Recall,F1 Score,FAR,FRR,EER
-0.5970780107057563,0.5,0.5,1.0,0.6666666666666666,1.0,0.0,0.5
-0.5890525439902411,0.5005,0.5002501250625313,1.0,0.6668889629876625,0.999,0.0,0.4995
-0.5810270772747259,0.502,0.501002004008016,1.0,0.6675567423230975,0.996,0.0,0.498
-0.5730016105592107,0.5025,0.5012531328320802,1.0,0.667779632721202,0.995,0.0,0.4975
-0.5649761438436955,0.502,0.5010030090270813,0.999,0.6673346693386774,0.995,0.001,0.498
-0.5569506771281804,0.502,0.5010030090270813,0.999,0.6673346693386774,0.995,0.001,0.498
-0.5489252104126652,0.5025,0.5012569130216189,0.997,0.6671127467380394,0.992,0.003,0.4975
-0.5408997436971499,0.502,0.501007049345418,0.995,0.666443402545211,0.991,0.005,0.498
-0.5328742769816347,0.5035,0.5017650025214322,0.995,0.6671136439825678,0.988,0.005,0.4965
-0.5248488102661195,0.505,0.5025252525252525,0.995,0.6677852348993288,0.985,0.005,0.495
-0.5168233435506043,0.505,0.5025252525252525,0.995,0.6677852348993288,0.985,0.005,0.495
-0.5087978768350891,0.5065,0.5032911392405063,0.994,0.6682352941176469,0.981,0.006,0.4935
-0.500772410119574,0.5085,0.504312531709792,0.994,0.6691349713901042,0.977,0.006,0.4915
-0.4927469434040588,0.509,0.5045731707317073,0.993,0.6691374663072776,0.975,0.007,0.491
-0.4847214766885436,0.5085,0.5043213014743264,0.992,0.6686889113582744,0.975,0.008,0.4915
-0.4766960099730284,0.5095,0.5048346055979643,0.992,0.6691399662731871,0.973,0.008,0.4905
-0.46867054325751323,0.511,0.5056122448979592,0.991,0.6695945945945947,0.969,0.009,0.489
-0.46064507654199804,0.511,0.5056179775280899,0.99,0.6693711967545639,0.968,0.01,0.489
-0.4526196098264828,0.513,0.5066530194472876,0.99,0.6702775897088693,0.964,0.01,0.487
-0.4445941431109676,0.5135,0.5069124423963134,0.99,0.6705045716220793,0.963,0.01,0.4865
-0.43656867639545244,0.516,0.5082219938335046,0.989,0.671418873048201,0.957,0.011,0.484
-0.4285432096799372,0.5175,0.5090252707581228,0.987,0.6716570261993875,0.952,0.013,0.4825
-0.420517742964422,0.518,0.5092975206611571,0.986,0.6716621253405994,0.95,0.014,0.482
-0.41249227624890683,0.5195,0.5101088646967341,0.984,0.6719016729259134,0.945,0.016,0.4805
-0.40446680953339165,0.52,0.5104058272632674,0.981,0.6714579055441479,0.941,0.019,0.48
-0.39644134281787646,0.5235,0.5122843700993205,0.98,0.6728458633710952,0.933,0.02,0.47650000000000003
-0.3884158761023613,0.5255,0.5133577789418544,0.98,0.6737710553454797,0.929,0.02,0.47450000000000003
-0.3803904093868461,0.526,0.5136554621848739,0.978,0.6735537190082644,0.926,0.022,0.47400000000000003
-0.3723649426713309,0.531,0.5163674762407603,0.978,0.6758811333794057,0.916,0.022,0.46900000000000003
-0.36433947595581573,0.534,0.5180467091295117,0.976,0.6768377253814147,0.908,0.024,0.466
-0.35631400924030054,0.536,0.5191489361702127,0.976,0.6777777777777777,0.904,0.024,0.464
-0.3482885425247853,0.536,0.5192102454642475,0.973,0.6771050800278358,0.901,0.027,0.464
-0.3402630758092701,0.5365,0.5195500803427959,0.97,0.6766655040111614,0.897,0.03,0.4635
-0.33223760909375494,0.538,0.5204741379310345,0.966,0.676470588235294,0.89,0.034,0.462
-0.32421214237823975,0.542,0.5227765726681128,0.964,0.6779184247538679,0.88,0.036,0.458
-0.31618667566272457,0.543,0.5233949945593036,0.962,0.6779422128259337,0.876,0.038,0.457
-0.30816120894720933,0.547,0.5257111597374179,0.961,0.6796322489391796,0.867,0.039,0.453
-0.30013574223169415,0.5545,0.5301271420674406,0.959,0.6828052687789249,0.85,0.041,0.4455
-0.29211027551617896,0.5575,0.5319622012229016,0.957,0.6838156484458735,0.842,0.043,0.4425
-0.2840848088006638,0.559,0.5329977628635347,0.953,0.6836441893830704,0.835,0.047,0.441
-0.2760593420851486,0.561,0.5342696629213484,0.951,0.6841726618705036,0.829,0.049,0.439
-0.2680338753696334,0.561,0.5345804988662132,0.943,0.6823444283646889,0.821,0.057,0.439
-0.2600084086541182,0.5635,0.5362236166571591,0.94,0.6828913912095895,0.813,0.06,0.4365
-0.251982941938603,0.564,0.5366132723112128,0.938,0.6826783114992722,0.81,0.062,0.43600000000000005
-0.2439574752230878,0.565,0.5373563218390804,0.935,0.6824817518248175,0.805,0.065,0.43500000000000005
-0.23593200850757262,0.569,0.5399305555555556,0.933,0.684017595307918,0.795,0.067,0.43100000000000005
-0.22790654179205744,0.5735,0.542907180385289,0.93,0.6855879100626613,0.783,0.07,0.4265
-0.21988107507654225,0.5735,0.5433628318584071,0.921,0.6834879406307978,0.774,0.079,0.4265
-0.21185560836102701,0.577,0.5461077844311377,0.912,0.6831460674157303,0.758,0.088,0.423
-0.20383014164551183,0.5825,0.5499092558983666,0.909,0.6852619675838673,0.744,0.091,0.4175
-0.19580467492999665,0.5835,0.5509456985967053,0.903,0.6843501326259946,0.736,0.097,0.4165
-0.18777920821448146,0.5865,0.5532307692307692,0.899,0.684952380952381,0.726,0.101,0.4135
-0.17975374149896628,0.589,0.5551425030978935,0.896,0.685539403213466,0.718,0.104,0.411
-0.1717282747834511,0.591,0.5568039950062422,0.892,0.6856264411990777,0.71,0.108,0.409
-0.1637028080679359,0.595,0.560126582278481,0.885,0.686046511627907,0.695,0.115,0.40499999999999997
-0.15567734135242067,0.6005,0.5641352903637524,0.884,0.6887417218543047,0.683,0.116,0.3995
-0.1476518746369055,0.6035,0.5664739884393064,0.882,0.6898709425107549,0.675,0.118,0.3965
-0.1396264079213903,0.607,0.569390402075227,0.878,0.6907946498819827,0.664,0.122,0.393
-0.13160094120587512,0.6105,0.5724590163934427,0.873,0.6914851485148514,0.652,0.127,0.3895
-0.12357547449035994,0.6115,0.573694646397885,0.868,0.6908077994428969,0.645,0.132,0.3885
-0.11555000777484475,0.611,0.574,0.861,0.6887999999999999,0.639,0.139,0.389
-0.10752454105932951,0.614,0.5768194070080862,0.856,0.6892109500805152,0.628,0.144,0.386
-0.09949907434381433,0.6155,0.5787321063394683,0.849,0.6882853668423187,0.618,0.151,0.3845
-0.09147360762829915,0.619,0.5821823204419889,0.843,0.6887254901960784,0.605,0.157,0.381
-0.08344814091278396,0.618,0.5819444444444445,0.838,0.6868852459016394,0.602,0.162,0.382
-0.07542267419726878,0.6205,0.584561403508772,0.833,0.6870103092783506,0.592,0.167,0.3795
-0.0673972074817536,0.624,0.5881934566145093,0.827,0.6874480465502909,0.579,0.173,0.376
-0.05937174076623841,0.624,0.5888252148997135,0.822,0.6861435726210351,0.574,0.178,0.376
-0.05134627405072323,0.6265,0.592,0.814,0.6854736842105262,0.561,0.186,0.37350000000000005
-0.043320807335208045,0.6275,0.5940959409594095,0.805,0.683651804670913,0.55,0.195,0.37250000000000005
-0.03529534061969286,0.6305,0.5974607916355489,0.8,0.6840530141085934,0.539,0.2,0.36950000000000005
-0.027269873904177566,0.634,0.6009036144578314,0.798,0.6855670103092784,0.53,0.202,0.366
-0.019244407188662382,0.637,0.6047400611620795,0.791,0.6854419410745234,0.517,0.209,0.363
-0.011218940473147199,0.6385,0.6067848882035466,0.787,0.6852416195037004,0.51,0.213,0.3615
-0.003193473757632015,0.6395,0.6088992974238876,0.78,0.6839105655414293,0.501,0.22,0.3605
0.004831992957883169,0.6445,0.6149562450278441,0.773,0.6849800620292423,0.484,0.227,0.3555
0.012857459673398353,0.647,0.6177884615384616,0.771,0.6859430604982206,0.477,0.229,0.353
0.020882926388913536,0.6495,0.6212489862124899,0.766,0.6860725481415137,0.467,0.234,0.35050000000000003
0.02890839310442872,0.652,0.6245901639344262,0.762,0.6864864864864865,0.458,0.238,0.348
0.036933859819943904,0.66,0.6335559265442404,0.759,0.6906278434940856,0.439,0.241,0.33999999999999997
0.04495932653545909,0.6605,0.6354430379746835,0.753,0.6892448512585811,0.432,0.247,0.3395
0.05298479325097427,0.664,0.6404109589041096,0.748,0.6900369003690037,0.42,0.252,0.33599999999999997
0.061010259966489455,0.6675,0.645273200346921,0.744,0.6911286576869484,0.409,0.256,0.3325
0.06903572668200464,0.6685,0.6481970096745823,0.737,0.6897519887693028,0.4,0.263,0.3315
0.07706119339751993,0.6735,0.6553267681289168,0.732,0.6915446386395843,0.385,0.268,0.3265
0.08508666011303512,0.6745,0.6587807097361238,0.724,0.6898523106241067,0.375,0.276,0.3255
0.0931121268285503,0.678,0.6645101663585952,0.719,0.6906820365033621,0.363,0.281,0.322
0.10113759354406548,0.6795,0.6682286785379569,0.713,0.6898887276245766,0.354,0.287,0.3205
0.10916306025958067,0.682,0.6730038022813688,0.708,0.6900584795321638,0.344,0.292,0.31799999999999995
0.11718852697509585,0.6835,0.6776379477250726,0.7,0.6886374815543531,0.333,0.3,0.3165
0.12521399369061104,0.6805,0.677134445534838,0.69,0.6835066864784547,0.329,0.31,0.3195
0.13323946040612622,0.686,0.6856287425149701,0.687,0.6863136863136864,0.315,0.313,0.314
0.1412649271216414,0.685,0.6876267748478702,0.678,0.6827794561933536,0.308,0.322,0.315
0.1492903938371566,0.684,0.6896907216494845,0.669,0.6791878172588832,0.301,0.331,0.316
0.15731586055267177,0.6855,0.6950578338590957,0.661,0.6776012301383906,0.29,0.339,0.3145
0.16534132726818696,0.6885,0.7007454739084132,0.658,0.6787003610108303,0.281,0.342,0.3115
0.17336679398370225,0.689,0.7041036717062635,0.652,0.6770508826583593,0.274,0.348,0.311
0.18139226069921743,0.69,0.7101769911504425,0.642,0.6743697478991597,0.262,0.358,0.31
0.18941772741473262,0.6905,0.7142857142857143,0.635,0.6723133933298042,0.254,0.365,0.3095
0.1974431941302478,0.693,0.7193181818181819,0.633,0.6734042553191489,0.247,0.367,0.307
0.20546866084576298,0.693,0.7228637413394919,0.626,0.6709539121114684,0.24,0.374,0.307
0.21349412756127817,0.6925,0.7246207701283547,0.621,0.6688206785137318,0.236,0.379,0.3075
0.22151959427679335,0.6965,0.7347670250896058,0.615,0.6695699510070767,0.222,0.385,0.3035
0.22954506099230854,0.6975,0.7399756986634265,0.609,0.6681294569391114,0.214,0.391,0.3025
0.23757052770782372,0.6955,0.7428571428571429,0.598,0.6626038781163436,0.207,0.402,0.3045
0.2455959944233389,0.698,0.75,0.594,0.6629464285714286,0.198,0.406,0.30200000000000005
0.2536214611388541,0.701,0.7576923076923077,0.591,0.6640449438202246,0.189,0.409,0.299
0.26164692785436927,0.7005,0.762778505897772,0.582,0.6602382302892796,0.181,0.418,0.2995
0.26967239456988445,0.701,0.7694369973190348,0.574,0.6575028636884307,0.172,0.426,0.299
0.27769786128539975,0.7025,0.7762619372442019,0.569,0.6566647432198499,0.164,0.431,0.2975
0.28572332800091493,0.703,0.7819444444444444,0.563,0.6546511627906977,0.157,0.437,0.297
0.2937487947164301,0.7,0.78328611898017,0.553,0.6483001172332943,0.153,0.447,0.3
0.3017742614319453,0.702,0.7902298850574713,0.55,0.6485849056603774,0.146,0.45,0.298
0.3097997281474605,0.7005,0.7927007299270074,0.543,0.6445103857566766,0.142,0.457,0.2995
0.31782519486297567,0.701,0.7991071428571429,0.537,0.6423444976076556,0.135,0.463,0.29900000000000004
0.32585066157849085,0.6995,0.8045801526717558,0.527,0.636858006042296,0.128,0.473,0.3005
0.33387612829400604,0.702,0.8136645962732919,0.524,0.637469586374696,0.12,0.476,0.298
0.3419015950095212,0.7045,0.8240887480190174,0.52,0.6376456161863887,0.111,0.48,0.2955
0.3499270617250364,0.7,0.8246753246753247,0.508,0.6287128712871287,0.108,0.492,0.3
0.3579525284405516,0.696,0.8245033112582781,0.498,0.6209476309226933,0.106,0.502,0.304
0.36597799515606677,0.697,0.8361774744027304,0.49,0.617906683480454,0.096,0.51,0.303
0.37400346187158195,0.697,0.8420138888888888,0.485,0.6154822335025381,0.091,0.515,0.303
0.38202892858709725,0.695,0.8457446808510638,0.477,0.6099744245524297,0.087,0.523,0.305
0.39005439530261243,0.6965,0.8553345388788427,0.473,0.609143593045718,0.08,0.527,0.3035
0.3980798620181276,0.6945,0.8595194085027726,0.465,0.6035042180402336,0.076,0.535,0.3055
0.4061053287336427,0.6915,0.8620037807183365,0.456,0.5964682799215174,0.073,0.544,0.3085
0.414130795449158,0.6865,0.8635477582846004,0.443,0.5855915399867813,0.07,0.557,0.3135
0.42215626216467306,0.6865,0.8678500986193294,0.44,0.5839416058394161,0.067,0.56,0.3135
0.43018172888018835,0.6855,0.8717434869739479,0.435,0.580386924616411,0.064,0.565,0.3145
0.43820719559570365,0.6835,0.8767967145790554,0.427,0.574310692669805,0.06,0.573,0.3165
0.4462326623112187,0.6835,0.8846960167714885,0.422,0.5714285714285714,0.055,0.578,0.3165
0.454258129026734,0.68,0.8862660944206009,0.413,0.56343792633015,0.053,0.587,0.32
0.4622835957422491,0.6785,0.8905908096280087,0.407,0.5586822237474262,0.05,0.593,0.3215
0.4703090624577644,0.677,0.8915929203539823,0.403,0.5550964187327824,0.049,0.597,0.323
0.47833452917327945,0.674,0.8936651583710408,0.395,0.5478502080443829,0.047,0.605,0.326
0.48635999588879475,0.6745,0.9048723897911833,0.39,0.5450733752620546,0.041,0.61,0.3255
0.4943854626043098,0.673,0.9080188679245284,0.385,0.5407303370786518,0.039,0.615,0.327
0.5024109293198251,0.668,0.9097560975609756,0.373,0.5290780141843971,0.037,0.627,0.332
0.5104363960353402,0.665,0.9125,0.365,0.5214285714285715,0.035,0.635,0.335
0.5184618627508555,0.661,0.9149484536082474,0.355,0.5115273775216138,0.033,0.645,0.339
0.5264873294663706,0.66,0.918848167539267,0.351,0.507959479015919,0.031,0.649,0.34
0.5345127961818859,0.6565,0.924119241192412,0.341,0.4981738495252009,0.028,0.659,0.3435
0.5425382628974011,0.6535,0.9299719887955182,0.332,0.48931466470154755,0.025,0.668,0.34650000000000003
0.5505637296129162,0.6495,0.930835734870317,0.323,0.47958426132145504,0.024,0.677,0.35050000000000003
0.5585891963284315,0.648,0.9352941176470588,0.318,0.47462686567164175,0.022,0.682,0.35200000000000004
0.5666146630439466,0.647,0.9401197604790419,0.314,0.47076461769115446,0.02,0.686,0.35300000000000004
0.5746401297594619,0.6455,0.9532710280373832,0.306,0.46328538985616957,0.015,0.694,0.3545
0.582665596474977,0.641,0.9577922077922078,0.295,0.4510703363914373,0.013,0.705,0.359
0.5906910631904922,0.6385,0.9570957095709571,0.29,0.44512663085188026,0.013,0.71,0.3615
0.5987165299060073,0.636,0.9657534246575342,0.282,0.43653250773993807,0.01,0.718,0.364
0.6067419966215226,0.6335,0.9651567944250871,0.277,0.4304584304584305,0.01,0.723,0.3665
0.6147674633370377,0.6295,0.96415770609319,0.269,0.42064112587959346,0.01,0.731,0.3705
0.622792930052553,0.6265,0.966789667896679,0.262,0.4122738001573564,0.009,0.738,0.3735
0.6308183967680681,0.621,0.9689922480620154,0.25,0.397456279809221,0.008,0.75,0.379
0.6388438634835834,0.6185,0.979757085020243,0.242,0.38813151563753007,0.005,0.758,0.3815
0.6468693301990986,0.615,0.9791666666666666,0.235,0.37903225806451607,0.005,0.765,0.385
0.6548947969146137,0.612,0.9827586206896551,0.228,0.3701298701298701,0.004,0.772,0.388
0.662920263630129,0.608,0.9821428571428571,0.22,0.3594771241830065,0.004,0.78,0.392
0.6709457303456441,0.605,0.9861111111111112,0.213,0.350328947368421,0.003,0.787,0.395
0.6789711970611594,0.6045,0.986046511627907,0.212,0.3489711934156378,0.003,0.788,0.3955
0.6869966637766745,0.6015,0.9856459330143541,0.206,0.34077750206782464,0.003,0.794,0.3985
0.6950221304921897,0.5985,0.9949748743718593,0.198,0.3302752293577982,0.001,0.802,0.4015
0.7030475972077048,0.594,0.9947368421052631,0.189,0.3176470588235294,0.001,0.811,0.406
0.7110730639232201,0.5905,0.994535519125683,0.182,0.3076923076923077,0.001,0.818,0.4095
0.7190985306387352,0.5865,0.9942857142857143,0.174,0.29617021276595745,0.001,0.826,0.4135
0.7271239973542505,0.5835,1.0,0.167,0.28620394173093405,0.0,0.833,0.4165
0.7351494640697656,0.579,1.0,0.158,0.27288428324697755,0.0,0.842,0.421
0.7431749307852809,0.577,1.0,0.154,0.2668977469670711,0.0,0.846,0.423
0.7512003975007961,0.5725,1.0,0.145,0.25327510917030566,0.0,0.855,0.4275
0.7592258642163112,0.57,1.0,0.14,0.24561403508771928,0.0,0.86,0.43
0.7672513309318265,0.5655,1.0,0.131,0.23165340406719717,0.0,0.869,0.4345
0.7752767976473416,0.5625,1.0,0.125,0.2222222222222222,0.0,0.875,0.4375
0.7833022643628569,0.5585,1.0,0.117,0.20948970456580127,0.0,0.883,0.4415
0.791327731078372,0.556,1.0,0.112,0.2014388489208633,0.0,0.888,0.444
0.7993531977938872,0.5535,1.0,0.107,0.1933152664859982,0.0,0.893,0.4465
0.8073786645094023,0.55,1.0,0.1,0.18181818181818182,0.0,0.9,0.45
0.8154041312249176,0.548,1.0,0.096,0.1751824817518248,0.0,0.904,0.452
0.8234295979404327,0.544,1.0,0.088,0.16176470588235292,0.0,0.912,0.456
0.831455064655948,0.542,1.0,0.084,0.15498154981549817,0.0,0.916,0.458
0.8394805313714631,0.5385,1.0,0.077,0.14298978644382546,0.0,0.923,0.4615
0.8475059980869784,0.534,1.0,0.068,0.12734082397003746,0.0,0.932,0.466
0.8555314648024936,0.531,1.0,0.062,0.1167608286252354,0.0,0.938,0.469
0.8635569315180087,0.5265,1.0,0.053,0.10066476733143401,0.0,0.947,0.4735
0.871582398233524,0.525,1.0,0.05,0.09523809523809523,0.0,0.95,0.475
0.8796078649490391,0.519,1.0,0.038,0.07321772639691715,0.0,0.962,0.481
0.8876333316645544,0.5175,1.0,0.035,0.0676328502415459,0.0,0.965,0.4825
0.8956587983800695,0.517,1.0,0.034,0.06576402321083172,0.0,0.966,0.483
0.9036842650955847,0.516,1.0,0.032,0.06201550387596899,0.0,0.968,0.484
0.9117097318110998,0.5145,1.0,0.029,0.05636540330417882,0.0,0.971,0.4855
0.9197351985266151,0.511,1.0,0.022,0.043052837573385516,0.0,0.978,0.489
0.9277606652421302,0.509,1.0,0.018,0.03536345776031434,0.0,0.982,0.491
0.9357861319576455,0.506,1.0,0.012,0.023715415019762848,0.0,0.988,0.494
0.9438115986731608,0.5055,1.0,0.011,0.021760633036597428,0.0,0.989,0.4945
0.9518370653886759,0.5045,1.0,0.009,0.017839444995044598,0.0,0.991,0.4955
0.9598625321041911,0.503,1.0,0.006,0.011928429423459244,0.0,0.994,0.497
0.9678879988197062,0.5025,1.0,0.005,0.009950248756218907,0.0,0.995,0.4975
0.9759134655352215,0.502,1.0,0.004,0.00796812749003984,0.0,0.996,0.498
0.9839389322507366,0.5015,1.0,0.003,0.005982053838484547,0.0,0.997,0.4985
0.9919643989662519,0.5015,1.0,0.003,0.005982053838484547,0.0,0.997,0.4985
0.9999898656817672,0.5005,1.0,0.001,0.0019980019980019984,0.0,0.999,0.4995
