Threshold,Accuracy,Precision,Recall,F1 Score,FAR,FRR
-0.6262643080412128,0.5,0.5,1.0,0.6666666666666666,1.0,0.0
-0.6180921781065022,0.5005,0.5002501250625313,1.0,0.6668889629876625,0.999,0.0
-0.6099200481717915,0.5005,0.5002501250625313,1.0,0.6668889629876625,0.999,0.0
-0.6017479182370808,0.5005,0.5002501250625313,1.0,0.6668889629876625,0.999,0.0
-0.5935757883023701,0.5005,0.5002501250625313,1.0,0.6668889629876625,0.999,0.0
-0.5854036583676595,0.5005,0.5002501250625313,1.0,0.6668889629876625,0.999,0.0
-0.5772315284329488,0.5005,0.5002501250625313,1.0,0.6668889629876625,0.999,0.0
-0.5690593984982382,0.5005,0.5002501250625313,1.0,0.6668889629876625,0.999,0.0
-0.5608872685635276,0.5005,0.5002501250625313,1.0,0.6668889629876625,0.999,0.0
-0.5527151386288168,0.5,0.5,0.999,0.6664442961974649,0.999,0.001
-0.5445430086941062,0.4985,0.4992481203007519,0.996,0.6651085141903172,0.999,0.004
-0.5363708787593955,0.498,0.4989969909729188,0.995,0.6646626586506347,0.999,0.005
-0.5281987488246849,0.499,0.4994979919678715,0.995,0.6651069518716578,0.997,0.005
-0.5200266188899741,0.5,0.5,0.995,0.6655518394648829,0.995,0.005
-0.5118544889552635,0.502,0.501007049345418,0.995,0.666443402545211,0.991,0.005
-0.5036823590205528,0.503,0.5015136226034309,0.994,0.6666666666666667,0.988,0.006
-0.4955102290858422,0.504,0.502020202020202,0.994,0.6671140939597315,0.986,0.006
-0.4873380991511315,0.5045,0.5022784810126583,0.992,0.666890756302521,0.983,0.008
-0.47916596921642085,0.505,0.502532928064843,0.992,0.6671149966375253,0.982,0.008
-0.47099383928171024,0.5055,0.5027904616945713,0.991,0.6671154493436554,0.98,0.009
-0.4628217093469995,0.507,0.503560528992879,0.99,0.667565745111261,0.976,0.01
-0.4546495794122889,0.51,0.5051020408163265,0.99,0.6689189189189189,0.97,0.01
-0.4464774494775782,0.512,0.5061349693251533,0.99,0.6698240866035182,0.966,0.01
-0.43830531954286756,0.513,0.5066598360655737,0.989,0.6700542005420055,0.963,0.011
-0.4301331896081569,0.514,0.5071868583162218,0.988,0.6702849389416553,0.96,0.012
-0.4219610596734462,0.515,0.5077081192189106,0.988,0.6707399864222675,0.958,0.012
-0.41378892973873554,0.5145,0.5074703760947965,0.985,0.6698401904114246,0.956,0.015
-0.4056167998040249,0.5155,0.5080103359173127,0.983,0.6698466780238501,0.952,0.017
-0.39744466986931426,0.517,0.5088174273858921,0.981,0.6700819672131147,0.947,0.019
-0.38927253993460353,0.52,0.5104166666666666,0.98,0.6712328767123288,0.94,0.02
-0.3811004099998929,0.523,0.5120292887029289,0.979,0.6723901098901099,0.933,0.021
-0.37292828006518225,0.527,0.5141955835962145,0.978,0.6740179186767745,0.924,0.022
-0.3647561501304716,0.5295,0.5155837295298468,0.976,0.6747321119944694,0.917,0.024
-0.3565840201957609,0.532,0.5169671261930011,0.975,0.6756756756756757,0.911,0.025
-0.34841189026105024,0.5345,0.5183608302288452,0.974,0.6766238277179576,0.905,0.026
-0.34023976032633957,0.5365,0.5195291599785982,0.971,0.6768909027535727,0.898,0.029
-0.3320676303916289,0.54,0.5215285252960172,0.969,0.6780965710286915,0.889,0.031
-0.3238955004569183,0.5415,0.5224688684353005,0.965,0.6779065683175274,0.882,0.035
-0.3157233705222076,0.5455,0.524822695035461,0.962,0.6791387222026121,0.871,0.038
-0.30755124058749694,0.547,0.5257393209200438,0.96,0.6794055201698515,0.866,0.04
-0.2993791106527863,0.548,0.526431718061674,0.956,0.6789772727272727,0.86,0.044
-0.2912069807180756,0.552,0.5288568257491676,0.953,0.6802284082798001,0.849,0.047
-0.28303485078336493,0.554,0.5301003344481605,0.951,0.6807444523979957,0.843,0.049
-0.27486272084865426,0.5595,0.5334081976417743,0.95,0.6832074793239842,0.831,0.05
-0.26669059091394365,0.559,0.5332581736189402,0.946,0.6820475847152125,0.828,0.054
-0.258518460979233,0.5605,0.5343945423536101,0.94,0.681406306632838,0.819,0.06
-0.2503463310445223,0.5645,0.5369204350314826,0.938,0.6829268292682926,0.809,0.062
-0.24217420110981164,0.569,0.5398843930635838,0.934,0.6842490842490843,0.796,0.066
-0.23400207117510097,0.572,0.5420560747663551,0.928,0.6843657817109144,0.784,0.072
-0.2258299412403903,0.5755,0.54449027695934,0.924,0.6852057842046719,0.773,0.076
-0.21765781130567963,0.5765,0.5454005934718101,0.919,0.6845437616387338,0.766,0.081
-0.20948568137096896,0.5805,0.54823247453565,0.915,0.6856500562008243,0.754,0.085
-0.2013135514362583,0.581,0.5490909090909091,0.906,0.6837735849056604,0.744,0.094
-0.19314142150154767,0.585,0.5521472392638037,0.9,0.6844106463878327,0.73,0.1
-0.184969291566837,0.5875,0.5541795665634675,0.895,0.6845124282982792,0.72,0.105
-0.17679716163212633,0.591,0.5570175438596491,0.889,0.684899845916795,0.707,0.111
-0.16862503169741566,0.5955,0.560328490208465,0.887,0.6867982965543941,0.696,0.113
-0.160452901762705,0.5995,0.5631746031746032,0.887,0.6889320388349515,0.688,0.113
-0.15228077182799432,0.602,0.5652173913043478,0.884,0.6895475819032761,0.68,0.116
-0.14410864189328365,0.605,0.567741935483871,0.88,0.6901960784313725,0.67,0.12
-0.13593651195857304,0.606,0.5689206762028609,0.875,0.6895193065405831,0.663,0.125
-0.12776438202386237,0.609,0.571522309711286,0.871,0.6901743264659271,0.653,0.129
-0.1195922520891517,0.612,0.5743691899070386,0.865,0.6903431763766958,0.641,0.135
-0.11142012215444097,0.614,0.5765100671140939,0.859,0.6899598393574297,0.631,0.141
-0.10324799221973036,0.6155,0.5784114052953157,0.852,0.6890416498180347,0.621,0.148
-0.09507586228501974,0.618,0.581267217630854,0.844,0.6884176182707993,0.608,0.156
-0.08690373235030902,0.62,0.5833333333333334,0.84,0.6885245901639344,0.6,0.16
-0.0787316024155984,0.624,0.5875706214689266,0.832,0.6887417218543046,0.584,0.168
-0.07055947248088767,0.6245,0.5891195418754474,0.823,0.686691697955778,0.574,0.177
-0.06238734254617706,0.626,0.5914368650217707,0.815,0.6854499579478553,0.563,0.185
-0.054215212611466335,0.6265,0.5926739926739927,0.809,0.6841437632135308,0.556,0.191
-0.04604308267675572,0.632,0.5986547085201793,0.801,0.6852010265183918,0.537,0.199
-0.037870952742044994,0.635,0.6018099547511312,0.798,0.6861564918314702,0.528,0.202
-0.02969882280733438,0.6385,0.6062931696085956,0.79,0.6860616587060356,0.513,0.21
-0.021526692872623765,0.6385,0.6069498069498069,0.786,0.6849673202614379,0.509,0.214
-0.01335456293791304,0.6425,0.6110678098207326,0.784,0.6868155935173017,0.499,0.216
-0.005182433003202425,0.6445,0.6142292490118577,0.777,0.686092715231788,0.488,0.223
0.002989696931508301,0.6495,0.6196957566052842,0.774,0.6883059137394397,0.475,0.226
0.011161826866218916,0.654,0.6254071661237784,0.768,0.689407540394973,0.46,0.232
0.01933395680092964,0.656,0.628500823723229,0.763,0.6892502258355917,0.451,0.237
0.027506086735640256,0.659,0.632279534109817,0.76,0.6902815622161671,0.442,0.24
0.03567821667035087,0.663,0.6374367622259697,0.756,0.6916742909423604,0.43,0.244
0.043850346605061596,0.6645,0.64,0.752,0.6914942528735633,0.423,0.248
0.05202247653977221,0.663,0.6402753872633391,0.744,0.6882516188714154,0.418,0.256
0.06019460647448294,0.665,0.6434782608695652,0.74,0.6883720930232557,0.41,0.26
0.06836673640919355,0.665,0.6449912126537786,0.734,0.6866230121608979,0.404,0.266
0.07653886634390428,0.667,0.6493738819320215,0.726,0.6855524079320114,0.392,0.274
0.08471099627861489,0.6685,0.6527651858567544,0.72,0.6847360912981456,0.383,0.28
0.0928831262133255,0.67,0.6559633027522935,0.715,0.6842105263157894,0.375,0.285
0.10105525614803623,0.6755,0.6647887323943662,0.708,0.6857142857142857,0.357,0.292
0.10922738608274685,0.68,0.6711026615969582,0.706,0.6881091617933723,0.346,0.294
0.11739951601745757,0.68,0.6740812379110251,0.697,0.6853490658800393,0.337,0.303
0.1255716459521682,0.6815,0.6777668952007836,0.692,0.6848095002474023,0.329,0.308
0.1337437758868789,0.684,0.6847389558232931,0.682,0.6833667334669339,0.314,0.318
0.14191590582158953,0.682,0.6872427983539094,0.668,0.6774847870182557,0.304,0.332
0.15008803575630025,0.6825,0.6903023983315955,0.662,0.6758550280755488,0.297,0.338
0.15826016569101087,0.681,0.6913319238900634,0.654,0.6721479958890031,0.292,0.346
0.16643229562572148,0.6835,0.6966773847802786,0.65,0.6725297465080187,0.283,0.35
0.1746044255604322,0.6875,0.7044711014176663,0.646,0.6739697443922795,0.271,0.354
0.18277655549514282,0.687,0.7082405345211581,0.636,0.6701791359325606,0.262,0.364
0.19094868542985355,0.691,0.7155756207674944,0.634,0.6723223753976669,0.252,0.366
0.19912081536456416,0.6905,0.718213058419244,0.627,0.6695141484249867,0.246,0.373
0.2072929452992749,0.69,0.7199074074074074,0.622,0.6673819742489271,0.242,0.378
0.2154650752339855,0.6885,0.7209847596717468,0.615,0.6637884511602806,0.238,0.385
0.22363720516869623,0.6895,0.7258641239570918,0.609,0.6623164763458401,0.23,0.391
0.23180933510340684,0.692,0.7330097087378641,0.604,0.662280701754386,0.22,0.396
0.23998146503811746,0.692,0.7382133995037221,0.595,0.6589147286821705,0.211,0.405
0.24815359497282818,0.695,0.7468354430379747,0.59,0.659217877094972,0.2,0.41
0.2563257249075388,0.6945,0.7503217503217503,0.583,0.6561620709060214,0.194,0.417
0.2644978548422495,0.694,0.7552631578947369,0.574,0.6522727272727272,0.186,0.426
0.27266998477696014,0.693,0.7608108108108108,0.563,0.6471264367816091,0.177,0.437
0.28084211471167086,0.6925,0.7640603566529492,0.557,0.6443030653556969,0.172,0.443
0.2890142446463815,0.691,0.7645429362880887,0.552,0.6411149825783973,0.17,0.448
0.2971863745810921,0.6905,0.7702127659574468,0.543,0.636950146627566,0.162,0.457
0.3053585045158028,0.691,0.7744252873563219,0.539,0.6356132075471699,0.157,0.461
0.31353063445051343,0.6965,0.787701317715959,0.538,0.6393345216874629,0.145,0.462
0.32170276438522416,0.698,0.7964071856287425,0.532,0.6378896882494005,0.136,0.468
0.3298748943199348,0.698,0.803680981595092,0.524,0.6343825665859565,0.128,0.476
0.3380470242546455,0.6975,0.8110236220472441,0.515,0.6299694189602447,0.12,0.485
0.3462191541893561,0.6985,0.8186195826645265,0.51,0.6284658040665434,0.113,0.49
0.35439128412406673,0.697,0.8240131578947368,0.501,0.623134328358209,0.107,0.499
0.36256341405877746,0.696,0.8245033112582781,0.498,0.6209476309226933,0.106,0.502
0.37073554399348807,0.692,0.8254237288135593,0.487,0.6125786163522012,0.103,0.513
0.3789076739281988,0.691,0.8293103448275863,0.481,0.6088607594936709,0.099,0.519
0.3870798038629094,0.689,0.8387096774193549,0.468,0.6007702182284981,0.09,0.532
0.39525193379762,0.688,0.8468634686346863,0.459,0.5953307392996109,0.083,0.541
0.40342406373233086,0.685,0.8517110266159695,0.448,0.5871559633027523,0.078,0.552
0.4115961936670415,0.685,0.8585271317829457,0.443,0.5844327176781002,0.073,0.557
0.4197683236017521,0.6815,0.8594059405940594,0.434,0.5767441860465116,0.071,0.566
0.4279404535364627,0.6785,0.8606060606060606,0.426,0.5698996655518395,0.069,0.574
0.4361125834711733,0.678,0.863265306122449,0.423,0.5677852348993289,0.067,0.577
0.44428471340588416,0.6755,0.8663883089770354,0.415,0.5611899932386747,0.064,0.585
0.45245684334059477,0.675,0.8739316239316239,0.409,0.5572207084468664,0.059,0.591
0.4606289732753054,0.672,0.8739130434782608,0.402,0.5506849315068493,0.058,0.598
0.468801103210016,0.6695,0.8758314855875832,0.395,0.5444521019986217,0.056,0.605
0.47697323314472684,0.6675,0.8747203579418344,0.391,0.5404284727021424,0.056,0.609
0.48514536307943745,0.666,0.8807339449541285,0.384,0.5348189415041784,0.052,0.616
0.49331749301414807,0.6635,0.8847058823529412,0.376,0.5277192982456141,0.049,0.624
0.5014896229488587,0.6615,0.8910411622276029,0.368,0.5208775654635528,0.045,0.632
0.5096617528835693,0.6605,0.9002493765586035,0.361,0.5153461812990721,0.04,0.639
0.5178338828182801,0.659,0.9035532994923858,0.356,0.5107604017216643,0.038,0.644
0.5260060127529907,0.6545,0.905511811023622,0.345,0.49963794351918894,0.036,0.655
0.5341781426877014,0.65,0.9098360655737705,0.333,0.4875549048316252,0.033,0.667
0.542350272622412,0.6485,0.9159663865546218,0.327,0.48194546794399407,0.03,0.673
0.5505224025571228,0.646,0.9244186046511628,0.318,0.4732142857142857,0.026,0.682
0.5586945324918334,0.6445,0.9313432835820895,0.312,0.46741573033707867,0.023,0.688
0.566866662426544,0.6425,0.9357798165137615,0.306,0.46119065561416733,0.021,0.694
0.5750387923612547,0.6405,0.9376947040498442,0.301,0.45571536714610145,0.02,0.699
0.5832109222959653,0.638,0.9394904458598726,0.295,0.4490106544901065,0.019,0.705
0.5913830522306761,0.636,0.9415584415584416,0.29,0.4434250764525994,0.018,0.71
0.5995551821653867,0.6295,0.9389830508474576,0.277,0.42779922779922785,0.018,0.723
0.6077273121000973,0.627,0.9379310344827586,0.272,0.4217054263565892,0.018,0.728
0.615899442034808,0.624,0.9397163120567376,0.265,0.41341653666146644,0.017,0.735
0.6240715719695186,0.6215,0.945054945054945,0.258,0.4053417124901807,0.015,0.742
0.6322437019042294,0.6175,0.9501915708812261,0.248,0.3933386201427439,0.013,0.752
0.64041583183894,0.6175,0.9644268774703557,0.244,0.38946528332003194,0.009,0.756
0.6485879617736506,0.6125,0.9629629629629629,0.234,0.37650844730490746,0.009,0.766
0.6567600917083612,0.61,0.9621848739495799,0.229,0.36995153473344106,0.009,0.771
0.6649322216430721,0.6065,0.9650655021834061,0.221,0.3596419853539463,0.008,0.779
0.6731043515777827,0.605,0.9772727272727273,0.215,0.35245901639344257,0.005,0.785
0.6812764815124933,0.6035,0.9813953488372092,0.211,0.34732510288065843,0.004,0.789
0.6894486114472039,0.5985,0.9804878048780488,0.201,0.3336099585062241,0.004,0.799
0.6976207413819145,0.5945,0.9846153846153847,0.192,0.32133891213389126,0.003,0.808
0.7057928713166254,0.5905,0.994535519125683,0.182,0.3076923076923077,0.001,0.818
0.713965001251336,0.5885,1.0,0.177,0.3007646559048428,0.0,0.823
0.7221371311860466,0.5855,1.0,0.171,0.2920580700256191,0.0,0.829
0.7303092611207572,0.5815,1.0,0.163,0.28030954428202925,0.0,0.837
0.7384813910554681,0.5795,1.0,0.159,0.274374460742019,0.0,0.841
0.7466535209901787,0.577,1.0,0.154,0.2668977469670711,0.0,0.846
0.7548256509248893,0.574,1.0,0.148,0.2578397212543554,0.0,0.852
0.7629977808595999,0.569,1.0,0.138,0.2425307557117751,0.0,0.862
0.7711699107943105,0.5635,1.0,0.127,0.225377107364685,0.0,0.873
0.7793420407290214,0.5615,1.0,0.123,0.21905609973285842,0.0,0.877
0.787514170663732,0.56,1.0,0.12,0.21428571428571425,0.0,0.88
0.7956863005984426,0.5555,1.0,0.111,0.19981998199819984,0.0,0.889
0.8038584305331532,0.553,1.0,0.106,0.19168173598553342,0.0,0.894
0.8120305604678638,0.549,1.0,0.098,0.1785063752276867,0.0,0.902
0.8202026904025747,0.5455,1.0,0.091,0.16681943171402383,0.0,0.909
0.8283748203372853,0.542,1.0,0.084,0.15498154981549817,0.0,0.916
0.8365469502719959,0.539,1.0,0.078,0.14471243042671614,0.0,0.922
0.8447190802067065,0.5355,1.0,0.071,0.13258636788048553,0.0,0.929
0.8528912101414173,0.5325,1.0,0.065,0.12206572769953053,0.0,0.935
0.861063340076128,0.527,1.0,0.054,0.10246679316888045,0.0,0.946
0.8692354700108386,0.524,1.0,0.048,0.0916030534351145,0.0,0.952
0.8774075999455492,0.5215,1.0,0.043,0.08245445829338446,0.0,0.957
0.8855797298802598,0.519,1.0,0.038,0.07321772639691715,0.0,0.962
0.8937518598149706,0.517,1.0,0.034,0.06576402321083172,0.0,0.966
0.9019239897496812,0.516,1.0,0.032,0.06201550387596899,0.0,0.968
0.9100961196843919,0.515,1.0,0.03,0.058252427184466014,0.0,0.97
0.9182682496191025,0.512,1.0,0.024,0.046875,0.0,0.976
0.9264403795538133,0.5095,1.0,0.019,0.03729146221786065,0.0,0.981
0.9346125094885239,0.5065,1.0,0.013,0.02566633761105627,0.0,0.987
0.9427846394232345,0.505,1.0,0.01,0.019801980198019802,0.0,0.99
0.9509567693579452,0.505,1.0,0.01,0.019801980198019802,0.0,0.99
0.9591288992926558,0.503,1.0,0.006,0.011928429423459244,0.0,0.994
0.9673010292273666,0.5025,1.0,0.005,0.009950248756218907,0.0,0.995
0.9754731591620772,0.502,1.0,0.004,0.00796812749003984,0.0,0.996
0.9836452890967878,0.5015,1.0,0.003,0.005982053838484547,0.0,0.997
0.9918174190314984,0.5015,1.0,0.003,0.005982053838484547,0.0,0.997
0.9999895489662092,0.5005,1.0,0.001,0.0019980019980019984,0.0,0.999
